failed_attempts_5m,time_interval_sec,ip_changes_5m,global_failed_5m,global_unique_ips_5m,ua_bot_flag,label
0,15.0,1,0,0,0,0
0,15.0,1,0,0,0,0
0,15.0,1,0,0,0,0
0,15.0,1,0,0,0,0
0,15.0,1,0,0,0,0
0,15.0,2,0,0,0,0
0,15.0,1,0,0,0,0
0,15.0,1,0,0,0,0
0,15.0,1,0,0,0,0
0,15.0,1,1,1,0,0
0,15.0,1,1,1,0,0
0,15.0,1,1,1,0,0
0,15.0,1,1,1,0,0
0,15.0,1,0,0,0,0
0,15.0,1,0,0,0,0
0,15.0,1,0,0,0,0
0,15.0,1,0,0,0,0
0,15.0,1,0,0,0,0
0,15.0,1,0,0,0,0
0,15.0,1,0,0,0,0
0,15.0,1,0,0,0,0
0,15.0,1,0,0,0,0
0,15.0,1,0,0,0,0
0,15.0,1,0,0,0,0
0,15.0,1,0,0,0,0
0,15.0,1,1,1,0,0
0,15.0,1,1,1,0,0
0,15.0,1,0,0,0,0
0,15.0,1,0,0,0,0
0,15.0,1,0,0,0,0
0,15.0,1,0,0,0,0
0,15.0,1,0,0,0,0
0,15.0,1,0,0,0,0
0,15.0,1,1,1,0,0
0,15.0,1,1,1,0,0
0,15.0,1,0,0,0,0
0,15.0,1,0,0,0,0
0,15.0,1,0,0,0,0
0,15.0,1,0,0,0,0
0,15.0,1,0,0,0,0
0,15.0,1,0,0,0,0
0,15.0,1,0,0,0,0
0,15.0,1,0,0,0,0
0,15.0,1,0,0,0,0
0,15.0,1,0,0,0,0
0,61.0,1,0,0,0,0
0,15.0,1,0,0,0,0
0,15.0,1,0,0,0,0
0,15.0,1,0,0,0,0
0,15.0,1,0,0,0,0
0,15.0,1,0,0,0,0
0,15.0,1,0,0,0,0
0,15.0,1,0,0,0,0
0,15.0,1,0,0,0,0
0,15.0,1,0,0,0,0
0,15.0,1,0,0,0,0
0,15.0,1,0,0,0,0
0,15.0,1,0,0,0,0
0,15.0,1,0,0,0,0
0,15.0,2,0,0,0,0
0,15.0,1,0,0,0,0
0,15.0,1,0,0,0,0
0,15.0,1,0,0,0,0
0,15.0,1,1,1,0,0
0,15.0,1,1,1,0,0
0,15.0,1,2,2,0,0
0,15.0,1,0,0,0,0
0,15.0,1,0,0,0,0
0,15.0,1,0,0,0,0
0,15.0,1,0,0,0,0
0,15.0,1,0,0,0,0
0,15.0,1,0,0,0,0
0,15.0,1,0,0,0,0
0,15.0,1,0,0,0,0
0,15.0,1,0,0,0,0
0,15.0,1,0,0,0,0
0,15.0,1,0,0,0,0
0,15.0,1,0,0,0,0
0,15.0,1,0,0,0,0
0,15.0,1,0,0,0,0
0,15.0,1,0,0,0,0
0,15.0,1,0,0,0,0
0,15.0,1,0,0,0,0
0,15.0,1,0,0,0,0
0,15.0,1,0,0,0,0
0,15.0,1,0,0,0,0
0,15.0,1,0,0,0,0
0,15.0,1,0,0,0,0
0,15.0,1,0,0,0,0
0,15.0,1,0,0,0,0
0,15.0,1,0,0,0,0
0,15.0,1,0,0,0,0
0,15.0,1,0,0,0,0
0,15.0,1,0,0,0,0
0,15.0,1,0,0,0,0
0,15.0,1,0,0,0,0
0,15.0,1,0,0,0,0
0,15.0,2,0,0,0,0
0,15.0,1,0,0,0,0
0,15.0,1,0,0,0,0
0,15.0,1,0,0,0,0
0,15.0,1,0,0,0,0
0,15.0,1,0,0,0,0
0,15.0,1,0,0,0,0
0,15.0,1,0,0,0,0
0,15.0,1,0,0,0,0
0,15.0,1,1,1,0,0
0,15.0,1,0,0,0,0
0,15.0,1,0,0,0,0
0,15.0,1,0,0,0,0
0,15.0,2,0,0,0,0
0,15.0,1,0,0,0,0
0,15.0,1,0,0,0,0
0,15.0,1,0,0,0,0
0,15.0,2,0,0,0,0
0,15.0,1,0,0,0,0
0,15.0,1,0,0,0,0
0,15.0,1,0,0,0,0
0,3.0,1,0,0,0,0
0,15.0,1,0,0,0,0
0,15.0,1,0,0,0,0
0,15.0,1,0,0,0,0
0,15.0,1,0,0,0,0
0,15.0,2,0,0,0,0
0,15.0,1,0,0,0,0
0,15.0,1,0,0,0,0
0,15.0,1,0,0,0,0
0,15.0,1,0,0,0,0
0,15.0,1,0,0,0,0
0,15.0,1,0,0,0,0
0,15.0,1,0,0,0,0
0,15.0,1,0,0,0,0
0,15.0,1,0,0,0,0
0,15.0,1,0,0,0,0
0,15.0,1,0,0,0,0
0,15.0,1,0,0,0,0
0,15.0,1,0,0,0,0
0,15.0,2,0,0,0,0
0,15.0,1,0,0,0,0
0,15.0,1,0,0,0,0
0,15.0,1,0,0,0,0
0,15.0,1,0,0,0,0
0,15.0,1,0,0,0,0
0,15.0,1,0,0,0,0
0,15.0,1,0,0,0,0
0,15.0,1,0,0,0,0
0,15.0,1,0,0,0,0
0,15.0,1,0,0,0,0
0,15.0,1,0,0,0,0
0,15.0,1,0,0,0,0
0,15.0,1,0,0,0,0
0,15.0,1,0,0,0,0
0,15.0,1,0,0,0,0
0,15.0,1,0,0,0,0
0,15.0,1,0,0,0,0
0,15.0,1,0,0,0,0
0,15.0,1,0,0,0,0
0,15.0,1,0,0,0,0
0,15.0,1,0,0,0,0
0,15.0,2,0,0,0,0
0,15.0,1,0,0,0,0
0,15.0,1,0,0,0,0
0,15.0,1,0,0,0,0
0,15.0,1,0,0,0,0
0,15.0,1,0,0,0,0
0,15.0,1,0,0,0,0
0,15.0,1,0,0,0,0
0,15.0,1,0,0,0,0
0,15.0,1,0,0,0,0
0,15.0,1,0,0,0,0
0,15.0,1,0,0,0,0
0,15.0,1,1,1,0,0
0,15.0,1,1,1,0,0
0,15.0,1,1,1,0,0
0,15.0,1,1,1,0,0
0,15.0,1,1,1,0,0
0,15.0,1,1,1,0,0
0,15.0,1,1,1,0,0
0,15.0,1,1,1,0,0
0,15.0,1,1,1,0,0
0,15.0,1,1,1,0,0
0,15.0,1,0,0,0,0
0,15.0,1,0,0,0,0
0,15.0,1,0,0,0,0
0,15.0,1,0,0,0,0
0,15.0,1,0,0,0,0
0,15.0,1,0,0,0,0
0,15.0,1,0,0,0,0
0,15.0,1,0,0,0,0
0,15.0,1,0,0,0,0
0,15.0,1,0,0,0,0
0,15.0,1,0,0,0,0
0,15.0,1,0,0,0,0
0,15.0,1,0,0,0,0
0,15.0,1,0,0,0,0
0,15.0,1,0,0,0,0
0,15.0,1,0,0,0,0
0,15.0,1,0,0,0,0
0,15.0,1,0,0,0,0
0,15.0,2,1,1,0,0
0,15.0,1,1,1,0,0
0,15.0,1,1,1,0,0
0,15.0,1,1,1,0,0
0,15.0,1,1,1,0,0
0,15.0,1,0,0,0,0
0,15.0,1,0,0,0,0
0,15.0,1,0,0,0,0
0,15.0,1,0,0,0,0
0,15.0,1,0,0,0,0
0,15.0,1,0,0,0,0
0,15.0,1,0,0,0,0
0,15.0,1,0,0,0,0
0,15.0,1,0,0,0,0
0,15.0,1,0,0,0,0
0,15.0,1,0,0,0,0
0,15.0,1,0,0,0,0
0,15.0,1,0,0,0,0
0,15.0,1,0,0,0,0
0,15.0,1,0,0,0,0
0,15.0,1,0,0,0,0
0,15.0,1,0,0,0,0
0,15.0,1,0,0,0,0
0,15.0,1,0,0,0,0
0,15.0,1,0,0,0,0
0,15.0,1,0,0,0,0
0,15.0,1,0,0,0,0
0,15.0,1,0,0,0,0
0,15.0,1,0,0,0,0
0,15.0,1,0,0,0,0
0,15.0,1,0,0,0,0
0,15.0,1,0,0,0,0
0,15.0,1,0,0,0,0
0,15.0,1,0,0,0,0
0,15.0,1,0,0,0,0
0,15.0,1,0,0,0,0
0,15.0,1,0,0,0,0
0,15.0,1,0,0,0,0
0,15.0,1,0,0,0,0
0,15.0,1,0,0,0,0
0,15.0,1,0,0,0,0
0,15.0,1,0,0,0,0
0,15.0,1,0,0,0,0
0,15.0,1,0,0,0,0
0,15.0,1,0,0,0,0
0,15.0,1,0,0,0,0
0,15.0,1,0,0,0,0
0,15.0,1,0,0,0,0
0,15.0,1,0,0,0,0
0,15.0,1,0,0,0,0
0,15.0,1,0,0,0,0
0,15.0,1,0,0,0,0
0,15.0,2,0,0,0,0
0,15.0,1,0,0,0,0
0,15.0,1,0,0,0,0
0,15.0,1,0,0,0,0
0,15.0,1,0,0,0,0
0,15.0,1,0,0,0,0
0,15.0,1,0,0,0,0
0,15.0,1,0,0,0,0
0,15.0,1,0,0,0,0
0,15.0,1,0,0,0,0
0,15.0,1,0,0,0,0
0,15.0,1,0,0,0,0
0,15.0,1,0,0,0,0
0,15.0,1,0,0,0,0
0,15.0,1,0,0,0,0
0,15.0,1,0,0,0,0
0,15.0,1,1,1,0,0
0,15.0,1,1,1,0,0
0,15.0,1,1,1,0,0
0,15.0,1,1,1,0,0
0,15.0,1,1,1,0,0
0,15.0,1,1,1,0,0
0,15.0,1,0,0,0,0
0,15.0,1,0,0,0,0
0,15.0,1,0,0,0,0
0,15.0,1,0,0,0,0
0,15.0,1,0,0,0,0
0,15.0,1,0,0,0,0
0,15.0,1,0,0,0,0
0,15.0,1,0,0,0,0
0,15.0,1,0,0,0,0
0,15.0,1,0,0,0,0
0,15.0,1,0,0,0,0
0,15.0,1,0,0,0,0
0,15.0,1,0,0,0,0
0,15.0,1,0,0,0,0
0,15.0,1,0,0,0,0
0,15.0,1,0,0,0,0
0,15.0,1,0,0,0,0
0,15.0,1,0,0,0,0
0,15.0,1,0,0,0,0
0,15.0,1,0,0,0,0
0,15.0,1,0,0,0,0
0,15.0,1,0,0,0,0
0,15.0,1,0,0,0,0
0,15.0,1,0,0,0,0
0,15.0,1,0,0,0,0
0,15.0,1,0,0,0,0
0,15.0,1,0,0,0,0
0,15.0,1,0,0,0,0
0,15.0,1,0,0,0,0
0,15.0,1,1,1,0,0
0,15.0,1,1,1,0,0
0,15.0,1,1,1,0,0
0,15.0,1,1,1,0,0
0,15.0,1,0,0,0,0
0,15.0,1,0,0,0,0
0,15.0,1,0,0,0,0
0,15.0,1,0,0,0,0
0,199.0,1,0,0,0,0
0,15.0,1,0,0,0,0
0,15.0,1,0,0,0,0
0,15.0,1,0,0,0,0
0,15.0,1,1,1,0,0
0,15.0,1,1,1,0,0
0,15.0,2,1,1,0,0
0,15.0,1,1,1,0,0
0,15.0,1,1,1,0,0
0,15.0,1,1,1,0,0
0,15.0,1,2,2,0,0
0,15.0,1,2,2,0,0
0,15.0,1,1,1,0,0
0,15.0,1,1,1,0,0
0,15.0,1,1,1,0,0
0,15.0,1,1,1,0,0
0,15.0,1,2,2,0,0
0,15.0,1,2,2,0,0
0,15.0,1,2,2,0,0
0,15.0,1,1,1,0,0
0,15.0,1,1,1,0,0
0,15.0,2,1,1,0,0
0,15.0,1,1,1,0,0
0,15.0,1,0,0,0,0
0,15.0,1,0,0,0,0
0,15.0,1,0,0,0,0
0,15.0,1,0,0,0,0
0,15.0,1,0,0,0,0
0,15.0,1,0,0,0,0
0,15.0,1,0,0,0,0
0,15.0,1,0,0,0,0
0,15.0,1,0,0,0,0
0,15.0,1,0,0,0,0
0,15.0,1,0,0,0,0
0,15.0,1,0,0,0,0
0,15.0,1,0,0,0,0
0,15.0,1,0,0,0,0
0,15.0,1,0,0,0,0
0,15.0,1,0,0,0,0
0,15.0,1,0,0,0,0
0,15.0,1,1,1,0,0
0,15.0,1,1,1,0,0
0,15.0,1,0,0,0,0
0,15.0,1,0,0,0,0
0,15.0,1,0,0,0,0
0,15.0,1,0,0,0,0
0,15.0,1,0,0,0,0
0,15.0,1,0,0,0,0
0,15.0,1,0,0,0,0
0,15.0,1,0,0,0,0
0,15.0,1,0,0,0,0
0,15.0,1,0,0,0,0
0,15.0,1,0,0,0,0
0,15.0,1,0,0,0,0
0,50.0,1,0,0,0,0
0,15.0,1,0,0,0,0
0,15.0,1,0,0,0,0
0,15.0,1,0,0,0,0
0,15.0,1,0,0,0,0
0,15.0,1,1,1,0,0
0,15.0,1,1,1,0,0
0,15.0,1,1,1,0,0
0,15.0,1,0,0,0,0
0,15.0,1,0,0,0,0
0,15.0,1,0,0,0,0
0,15.0,1,0,0,0,0
0,15.0,1,1,1,0,0
0,15.0,1,1,1,0,0
0,15.0,1,1,1,0,0
0,15.0,1,0,0,0,0
0,15.0,1,0,0,0,0
0,15.0,1,0,0,0,0
0,15.0,1,0,0,0,0
0,15.0,1,0,0,0,0
0,15.0,1,0,0,0,0
0,15.0,1,0,0,0,0
0,15.0,1,0,0,0,0
0,15.0,1,0,0,0,0
0,15.0,1,0,0,0,0
0,15.0,1,0,0,0,0
0,15.0,1,0,0,0,0
0,15.0,1,0,0,0,0
0,15.0,1,0,0,0,0
0,15.0,1,0,0,0,0
0,15.0,1,0,0,0,0
0,15.0,1,0,0,0,0
0,15.0,1,0,0,0,0
0,15.0,1,0,0,0,0
0,15.0,1,0,0,0,0
0,15.0,1,0,0,0,0
0,15.0,1,0,0,0,0
0,15.0,1,0,0,0,0
0,15.0,1,0,0,0,0
0,15.0,1,0,0,0,0
0,15.0,1,0,0,0,0
0,15.0,1,0,0,0,0
0,15.0,1,0,0,0,0
0,15.0,1,0,0,0,0
0,15.0,1,0,0,0,0
0,15.0,1,0,0,0,0
0,15.0,1,0,0,0,0
0,15.0,1,0,0,0,0
0,15.0,1,0,0,0,0
0,15.0,1,0,0,0,0
0,15.0,1,0,0,0,0
0,15.0,1,0,0,0,0
0,15.0,1,0,0,0,0
0,15.0,1,0,0,0,0
0,15.0,1,0,0,0,0
0,15.0,1,0,0,0,0
0,15.0,1,0,0,0,0
0,15.0,1,0,0,0,0
0,15.0,1,0,0,0,0
0,15.0,1,0,0,0,0
0,15.0,1,0,0,0,0
0,15.0,1,0,0,0,0
0,15.0,1,0,0,0,0
0,15.0,1,0,0,0,0
0,15.0,1,0,0,0,0
0,15.0,1,0,0,0,0
0,15.0,1,0,0,0,0
0,15.0,1,0,0,0,0
0,15.0,1,0,0,0,0
0,15.0,1,0,0,0,0
0,15.0,1,0,0,0,0
0,15.0,1,0,0,0,0
0,15.0,1,0,0,0,0
0,15.0,1,0,0,0,0
0,15.0,1,1,1,0,0
0,15.0,1,1,1,0,0
0,15.0,1,1,1,0,0
0,15.0,1,1,1,0,0
0,15.0,1,1,1,0,0
0,15.0,1,1,1,0,0
0,15.0,1,1,1,0,0
0,15.0,1,0,0,0,0
0,15.0,1,0,0,0,0
0,15.0,1,0,0,0,0
0,15.0,1,0,0,0,0
0,15.0,1,0,0,0,0
0,15.0,1,0,0,0,0
0,15.0,1,0,0,0,0
0,15.0,1,0,0,0,0
0,176.0,1,0,0,0,0
0,15.0,1,0,0,0,0
0,15.0,1,0,0,0,0
0,15.0,1,0,0,0,0
0,15.0,1,0,0,0,0
0,15.0,1,0,0,0,0
0,15.0,1,1,1,0,0
0,15.0,1,1,1,0,0
0,271.0,1,1,1,0,0
0,15.0,1,1,1,0,0
0,15.0,1,1,1,0,0
0,15.0,1,1,1,0,0
0,15.0,1,0,0,0,0
0,15.0,1,0,0,0,0
0,15.0,1,0,0,0,0
0,15.0,1,0,0,0,0
0,15.0,1,0,0,0,0
0,15.0,1,0,0,0,0
0,15.0,1,1,1,0,0
0,15.0,1,1,1,0,0
0,15.0,1,1,1,0,0
0,15.0,1,1,1,0,0
0,0.0,1,1,1,0,0
0,15.0,1,1,1,0,0
0,15.0,1,0,0,0,0
0,15.0,1,0,0,0,0
0,15.0,1,0,0,0,0
0,15.0,1,0,0,0,0
0,15.0,1,0,0,0,0
0,15.0,1,0,0,0,0
0,15.0,1,0,0,0,0
0,15.0,1,0,0,0,0
0,15.0,1,0,0,0,0
0,15.0,1,1,1,0,0
0,15.0,1,1,1,0,0
0,15.0,1,0,0,0,0
0,15.0,1,0,0,0,0
0,15.0,1,0,0,0,0
0,15.0,1,0,0,0,0
0,15.0,1,0,0,0,0
0,15.0,1,0,0,0,0
0,15.0,1,0,0,0,0
0,15.0,1,0,0,0,0
0,15.0,1,0,0,0,0
0,15.0,1,0,0,0,0
0,15.0,1,1,1,0,0
0,15.0,1,1,1,0,0
0,15.0,1,1,1,0,0
0,15.0,1,2,2,0,0
0,15.0,1,1,1,0,0
0,15.0,1,1,1,0,0
0,15.0,1,1,1,0,0
0,15.0,1,1,1,0,0
0,15.0,1,1,1,0,0
0,15.0,1,0,0,0,0
0,15.0,1,0,0,0,0
0,15.0,1,0,0,0,0
0,15.0,1,0,0,0,0
0,15.0,1,0,0,0,0
0,15.0,1,0,0,0,0
0,15.0,1,0,0,0,0
0,15.0,1,0,0,0,0
0,15.0,1,0,0,0,0
0,15.0,1,0,0,0,0
0,15.0,1,0,0,0,0
0,15.0,1,0,0,0,0
0,15.0,1,0,0,0,0
0,15.0,1,0,0,0,0
0,15.0,1,0,0,0,0
0,15.0,1,0,0,0,0
0,15.0,1,0,0,0,0
0,15.0,1,0,0,0,0
0,15.0,1,0,0,0,0
0,15.0,1,0,0,0,0
0,15.0,1,0,0,0,0
0,15.0,1,0,0,0,0
0,15.0,1,0,0,0,0
0,15.0,1,0,0,0,0
0,15.0,1,0,0,0,0
0,15.0,1,0,0,0,0
0,15.0,1,1,1,0,0
0,15.0,1,1,1,0,0
0,15.0,1,1,1,0,0
0,15.0,1,1,1,0,0
0,15.0,1,1,1,0,0
0,15.0,1,1,1,0,0
0,15.0,1,1,1,0,0
0,15.0,1,0,0,0,0
0,15.0,1,0,0,0,0
0,15.0,1,0,0,0,0
0,15.0,1,1,1,0,0
0,15.0,1,1,1,0,0
0,15.0,1,0,0,0,0
0,15.0,1,0,0,0,0
0,15.0,1,0,0,0,0
0,15.0,1,0,0,0,0
0,15.0,1,0,0,0,0
0,15.0,1,0,0,0,0
0,15.0,1,0,0,0,0
0,15.0,1,0,0,0,0
0,15.0,1,0,0,0,0
0,15.0,1,0,0,0,0
0,15.0,1,0,0,0,0
0,15.0,1,0,0,0,0
0,15.0,1,0,0,0,0
0,155.0,1,0,0,0,0
0,15.0,1,0,0,0,0
0,15.0,1,0,0,0,0
0,15.0,1,1,1,0,0
0,15.0,1,2,2,0,0
0,15.0,1,2,2,0,0
0,15.0,1,2,2,0,0
0,15.0,1,2,2,0,0
0,15.0,1,1,1,0,0
0,15.0,1,0,0,0,0
0,15.0,1,0,0,0,0
0,15.0,1,0,0,0,0
0,15.0,1,1,1,0,0
0,15.0,1,1,1,0,0
0,15.0,1,1,1,0,0
0,15.0,1,0,0,0,0
0,15.0,1,0,0,0,0
0,15.0,1,0,0,0,0
0,15.0,1,0,0,0,0
0,15.0,1,0,0,0,0
0,15.0,1,0,0,0,0
0,15.0,1,0,0,0,0
0,15.0,1,0,0,0,0
0,15.0,1,0,0,0,0
0,15.0,1,0,0,0,0
0,15.0,1,0,0,0,0
0,15.0,1,0,0,0,0
0,15.0,1,1,1,0,0
0,15.0,1,0,0,0,0
0,15.0,1,0,0,0,0
0,15.0,1,0,0,0,0
0,15.0,1,0,0,0,0
0,15.0,1,0,0,0,0
0,15.0,1,0,0,0,0
0,15.0,1,0,0,0,0
0,15.0,1,0,0,0,0
0,15.0,1,0,0,0,0
0,15.0,1,0,0,0,0
0,15.0,1,0,0,0,0
0,15.0,1,1,1,0,0
0,15.0,1,1,1,0,0
0,15.0,1,1,1,0,0
0,15.0,1,0,0,0,0
0,15.0,1,0,0,0,0
0,15.0,1,0,0,0,0
0,15.0,1,0,0,0,0
0,15.0,1,0,0,0,0
0,15.0,1,0,0,0,0
0,15.0,1,0,0,0,0
0,15.0,1,0,0,0,0
0,15.0,1,0,0,0,0
0,15.0,1,0,0,0,0
0,15.0,1,0,0,0,0
0,15.0,1,0,0,0,0
0,15.0,1,0,0,0,0
0,15.0,1,0,0,0,0
0,15.0,1,0,0,0,0
0,15.0,1,0,0,0,0
0,15.0,1,0,0,0,0
0,15.0,1,0,0,0,0
0,15.0,1,0,0,0,0
0,15.0,1,0,0,0,0
0,15.0,1,0,0,0,0
0,15.0,1,0,0,0,0
0,15.0,1,0,0,0,0
0,15.0,1,0,0,0,0
0,15.0,1,0,0,0,0
0,15.0,1,0,0,0,0
0,15.0,1,0,0,0,0
0,15.0,1,0,0,0,0
0,15.0,1,0,0,0,0
0,15.0,1,0,0,0,0
0,15.0,1,0,0,0,0
0,15.0,2,0,0,0,0
0,15.0,1,0,0,0,0
0,15.0,1,0,0,0,0
0,15.0,1,0,0,0,0
0,15.0,1,0,0,0,0
0,15.0,1,0,0,0,0
0,15.0,1,0,0,0,0
0,15.0,1,0,0,0,0
0,15.0,1,0,0,0,0
0,15.0,1,0,0,0,0
0,15.0,1,0,0,0,0
0,15.0,1,0,0,0,0
0,15.0,1,0,0,0,0
0,15.0,1,0,0,0,0
0,15.0,1,0,0,0,0
0,15.0,1,0,0,0,0
0,15.0,1,0,0,0,0
0,15.0,1,0,0,0,0
0,15.0,2,0,0,0,0
0,15.0,1,0,0,0,0
0,15.0,1,0,0,0,0
0,15.0,1,0,0,0,0
0,15.0,1,0,0,0,0
0,15.0,1,1,1,0,0
0,15.0,1,1,1,0,0
0,15.0,1,1,1,0,0
0,15.0,1,2,2,0,0
0,15.0,1,2,2,0,0
0,15.0,1,2,2,0,0
0,15.0,1,2,2,0,0
0,15.0,1,1,1,0,0
0,15.0,1,1,1,0,0
0,15.0,1,0,0,0,0
0,15.0,1,0,0,0,0
0,15.0,1,0,0,0,0
0,15.0,1,0,0,0,0
0,15.0,1,0,0,0,0
0,15.0,1,0,0,0,0
0,15.0,1,0,0,0,0
0,15.0,1,0,0,0,0
0,15.0,1,0,0,0,0
0,15.0,1,0,0,0,0
0,15.0,1,0,0,0,0
0,15.0,1,0,0,0,0
0,15.0,1,0,0,0,0
0,15.0,1,1,1,0,0
0,15.0,1,1,1,0,0
0,15.0,1,0,0,0,0
0,15.0,1,0,0,0,0
0,15.0,1,0,0,0,0
0,15.0,1,0,0,0,0
0,15.0,1,1,1,0,0
0,15.0,1,1,1,0,0
0,15.0,1,1,1,0,0
0,15.0,1,1,1,0,0
0,15.0,1,0,0,0,0
0,15.0,1,0,0,0,0
0,15.0,1,0,0,0,0
0,15.0,1,0,0,0,0
0,15.0,1,0,0,0,0
0,15.0,1,0,0,0,0
0,15.0,1,0,0,0,0
0,15.0,1,0,0,0,0
0,15.0,1,0,0,0,0
0,15.0,1,0,0,0,0
0,15.0,1,0,0,0,0
0,15.0,1,0,0,0,0
0,15.0,1,0,0,0,0
0,15.0,1,0,0,0,0
0,15.0,1,1,1,0,0
0,15.0,1,1,1,0,0
0,15.0,1,1,1,0,0
0,15.0,1,0,0,0,0
0,15.0,1,0,0,0,0
0,15.0,1,0,0,0,0
0,15.0,1,0,0,0,0
0,15.0,1,0,0,0,0
0,15.0,1,0,0,0,0
0,15.0,1,0,0,0,0
0,15.0,1,0,0,0,0
0,15.0,1,0,0,0,0
0,15.0,1,0,0,0,0
0,15.0,1,0,0,0,0
0,15.0,1,0,0,0,0
0,15.0,1,0,0,0,0
0,15.0,1,0,0,0,0
0,15.0,1,0,0,0,0
0,15.0,2,0,0,0,0
0,15.0,1,0,0,0,0
0,15.0,1,0,0,0,0
0,15.0,1,0,0,0,0
0,87.0,1,0,0,0,0
0,15.0,1,0,0,0,0
0,15.0,1,0,0,0,0
0,15.0,1,0,0,0,0
0,15.0,1,0,0,0,0
0,15.0,1,0,0,0,0
0,15.0,1,0,0,0,0
0,15.0,1,0,0,0,0
0,15.0,1,0,0,0,0
0,15.0,1,0,0,0,0
0,15.0,1,0,0,0,0
0,15.0,1,0,0,0,0
0,15.0,1,0,0,0,0
0,15.0,1,0,0,0,0
0,15.0,1,0,0,0,0
0,15.0,1,0,0,0,0
0,15.0,1,0,0,0,0
0,15.0,1,0,0,0,0
0,15.0,1,0,0,0,0
0,15.0,1,0,0,0,0
0,15.0,1,0,0,0,0
0,15.0,1,0,0,0,0
0,15.0,1,0,0,0,0
0,15.0,1,0,0,0,0
0,15.0,1,0,0,0,0
0,15.0,1,0,0,0,0
0,15.0,1,0,0,0,0
0,15.0,1,0,0,0,0
0,15.0,1,0,0,0,0
0,15.0,1,0,0,0,0
0,15.0,1,0,0,0,0
0,15.0,1,0,0,0,0
0,15.0,1,0,0,0,0
0,15.0,1,0,0,0,0
0,15.0,1,0,0,0,0
0,15.0,1,0,0,0,0
0,15.0,1,0,0,0,0
0,15.0,1,0,0,0,0
0,15.0,1,0,0,0,0
0,15.0,1,0,0,0,0
0,15.0,1,0,0,0,0
0,15.0,1,0,0,0,0
0,15.0,1,0,0,0,0
0,15.0,1,0,0,0,0
0,15.0,1,0,0,0,0
0,15.0,1,0,0,0,0
0,15.0,1,0,0,0,0
0,15.0,1,0,0,0,0
0,15.0,1,1,1,0,0
0,15.0,1,2,2,0,0
0,15.0,1,2,2,0,0
0,15.0,1,0,0,0,0
0,15.0,1,1,1,0,0
0,15.0,1,1,1,0,0
0,15.0,1,2,2,0,0
0,15.0,1,2,2,0,0
0,15.0,1,2,2,0,0
0,15.0,1,2,2,0,0
0,15.0,1,2,2,0,0
0,15.0,1,1,1,0,0
0,15.0,1,1,1,0,0
0,15.0,1,0,0,0,0
0,15.0,1,0,0,0,0
0,15.0,1,0,0,0,0
0,15.0,1,0,0,0,0
0,15.0,1,0,0,0,0
0,15.0,1,0,0,0,0
0,15.0,1,0,0,0,0
0,15.0,1,0,0,0,0
0,15.0,1,0,0,0,0
0,15.0,1,0,0,0,0
0,15.0,1,0,0,0,0
0,15.0,1,0,0,0,0
0,15.0,1,0,0,0,0
0,15.0,1,0,0,0,0
0,15.0,1,0,0,0,0
0,15.0,1,0,0,0,0
0,15.0,1,0,0,0,0
0,15.0,1,0,0,0,0
0,15.0,1,0,0,0,0
0,15.0,1,0,0,0,0
0,15.0,1,0,0,0,0
0,15.0,1,0,0,0,0
0,15.0,1,0,0,0,0
0,15.0,1,0,0,0,0
0,15.0,1,0,0,0,0
0,15.0,1,0,0,0,0
0,15.0,1,0,0,0,0
0,15.0,1,0,0,0,0
0,15.0,1,0,0,0,0
0,15.0,1,0,0,0,0
0,15.0,1,0,0,0,0
0,15.0,1,0,0,0,0
0,15.0,1,0,0,0,0
0,15.0,1,1,1,0,0
0,15.0,2,2,2,0,0
0,15.0,1,2,2,0,0
0,15.0,1,2,2,0,0
0,15.0,1,1,1,0,0
0,15.0,1,0,0,0,0
0,15.0,1,0,0,0,0
0,15.0,1,0,0,0,0
0,15.0,1,0,0,0,0
0,15.0,1,0,0,0,0
0,15.0,1,0,0,0,0
0,15.0,1,0,0,0,0
0,15.0,1,0,0,0,0
0,15.0,1,0,0,0,0
0,15.0,1,0,0,0,0
0,15.0,1,0,0,0,0
0,15.0,1,0,0,0,0
0,15.0,1,0,0,0,0
0,15.0,1,0,0,0,0
0,15.0,1,0,0,0,0
0,15.0,1,0,0,0,0
0,15.0,1,0,0,0,0
0,15.0,1,0,0,0,0
0,15.0,1,1,1,0,0
0,15.0,1,1,1,0,0
0,15.0,1,1,1,0,0
0,15.0,1,1,1,0,0
0,15.0,1,1,1,0,0
0,15.0,1,0,0,0,0
0,15.0,1,0,0,0,0
0,15.0,1,0,0,0,0
0,15.0,1,0,0,0,0
0,15.0,1,0,0,0,0
0,15.0,1,0,0,0,0
0,15.0,2,0,0,0,0
0,15.0,1,0,0,0,0
0,15.0,1,0,0,0,0
0,15.0,1,0,0,0,0
0,15.0,1,0,0,0,0
0,15.0,2,0,0,0,0
0,15.0,1,0,0,0,0
0,15.0,1,0,0,0,0
0,15.0,1,0,0,0,0
0,15.0,1,0,0,0,0
0,15.0,1,0,0,0,0
0,15.0,1,1,1,0,0
0,15.0,1,1,1,0,0
0,15.0,1,1,1,0,0
0,15.0,1,0,0,0,0
0,15.0,1,0,0,0,0
0,15.0,1,0,0,0,0
0,15.0,1,0,0,0,0
0,15.0,1,0,0,0,0
0,15.0,1,0,0,0,0
0,15.0,1,0,0,0,0
0,15.0,1,0,0,0,0
0,15.0,1,0,0,0,0
0,15.0,1,0,0,0,0
0,15.0,1,0,0,0,0
0,15.0,1,0,0,0,0
0,15.0,1,0,0,0,0
0,15.0,1,0,0,0,0
0,15.0,1,0,0,0,0
0,15.0,1,0,0,0,0
0,15.0,1,0,0,0,0
0,15.0,1,0,0,0,0
0,15.0,1,1,1,0,0
0,15.0,1,1,1,0,0
0,15.0,1,0,0,0,0
0,15.0,1,0,0,0,0
0,15.0,1,0,0,0,0
0,15.0,1,0,0,0,0
0,15.0,1,0,0,0,0
0,15.0,1,0,0,0,0
0,15.0,1,0,0,0,0
0,15.0,1,0,0,0,0
0,15.0,1,0,0,0,0
0,15.0,1,1,1,0,0
0,15.0,1,1,1,0,0
0,15.0,1,1,1,0,0
0,15.0,1,1,1,0,0
0,15.0,1,1,1,0,0
0,15.0,1,0,0,0,0
0,15.0,1,0,0,0,0
0,15.0,1,1,1,0,0
0,15.0,1,1,1,0,0
0,15.0,1,1,1,0,0
0,15.0,1,1,1,0,0
0,15.0,1,0,0,0,0
0,15.0,1,0,0,0,0
0,15.0,1,0,0,0,0
0,15.0,1,0,0,0,0
0,15.0,1,0,0,0,0
0,15.0,1,0,0,0,0
0,15.0,1,0,0,0,0
0,15.0,1,0,0,0,0
0,15.0,1,0,0,0,0
0,15.0,1,0,0,0,0
0,15.0,1,1,1,0,0
0,15.0,1,1,1,0,0
0,15.0,1,1,1,0,0
0,15.0,1,1,1,0,0
0,15.0,1,0,0,0,0
0,15.0,1,0,0,0,0
0,15.0,1,0,0,0,0
0,15.0,1,0,0,0,0
0,15.0,1,0,0,0,0
0,15.0,1,0,0,0,0
0,15.0,1,0,0,0,0
0,15.0,1,0,0,0,0
0,15.0,1,0,0,0,0
0,15.0,1,0,0,0,0
0,15.0,1,0,0,0,0
0,15.0,1,0,0,0,0
0,15.0,1,0,0,0,0
0,15.0,1,0,0,0,0
0,15.0,1,0,0,0,0
0,15.0,1,0,0,0,0
0,15.0,1,0,0,0,0
0,15.0,1,0,0,0,0
0,15.0,1,0,0,0,0
0,15.0,1,0,0,0,0
0,15.0,1,0,0,0,0
0,15.0,1,0,0,0,0
0,15.0,1,0,0,0,0
0,15.0,1,0,0,0,0
0,15.0,1,0,0,0,0
0,15.0,1,0,0,0,0
0,15.0,1,0,0,0,0
0,15.0,1,0,0,0,0
0,15.0,1,1,1,0,0
0,15.0,1,1,1,0,0
0,15.0,1,1,1,0,0
0,15.0,1,0,0,0,0
0,15.0,1,0,0,0,0
0,15.0,1,1,1,0,0
0,15.0,1,1,1,0,0
0,15.0,1,1,1,0,0
0,15.0,1,1,1,0,0
0,15.0,1,1,1,0,0
0,15.0,1,1,1,0,0
0,15.0,1,0,0,0,0
0,15.0,1,0,0,0,0
0,15.0,1,0,0,0,0
0,15.0,1,0,0,0,0
0,15.0,1,0,0,0,0
0,15.0,1,0,0,0,0
0,15.0,1,0,0,0,0
0,15.0,1,0,0,0,0
0,15.0,1,0,0,0,0
0,15.0,1,0,0,0,0
0,15.0,1,0,0,0,0
0,15.0,1,0,0,0,0
0,15.0,1,0,0,0,0
0,15.0,1,0,0,0,0
0,15.0,1,0,0,0,0
0,15.0,1,0,0,0,0
0,15.0,1,0,0,0,0
0,15.0,1,0,0,0,0
0,15.0,1,0,0,0,0
0,15.0,1,1,1,0,0
0,15.0,1,1,1,0,0
0,15.0,1,1,1,0,0
0,15.0,1,1,1,0,0
0,15.0,1,1,1,0,0
0,15.0,1,1,1,0,0
0,15.0,1,1,1,0,0
0,15.0,1,1,1,0,0
0,15.0,1,0,0,0,0
0,15.0,1,0,0,0,0
0,15.0,1,0,0,0,0
0,15.0,1,1,1,0,0
0,15.0,1,1,1,0,0
0,15.0,1,0,0,0,0
0,15.0,1,0,0,0,0
0,15.0,1,0,0,0,0
0,15.0,1,0,0,0,0
0,15.0,1,0,0,0,0
0,15.0,1,0,0,0,0
0,15.0,1,0,0,0,0
0,15.0,1,0,0,0,0
0,15.0,1,0,0,0,0
0,15.0,1,0,0,0,0
0,15.0,1,0,0,0,0
0,15.0,1,0,0,0,0
0,15.0,1,0,0,0,0
0,15.0,1,0,0,0,0
0,15.0,1,0,0,0,0
0,15.0,1,0,0,0,0
0,15.0,2,0,0,0,0
0,15.0,1,0,0,0,0
0,15.0,1,0,0,0,0
0,15.0,1,0,0,0,0
0,15.0,1,0,0,0,0
0,15.0,1,0,0,0,0
0,15.0,1,0,0,0,0
0,15.0,1,0,0,0,0
0,15.0,1,0,0,0,0
0,15.0,2,0,0,0,0
0,15.0,1,0,0,0,0
0,15.0,1,1,1,0,0
0,15.0,1,1,1,0,0
0,15.0,1,1,1,0,0
0,15.0,1,1,1,0,0
0,15.0,1,1,1,0,0
0,15.0,1,1,1,0,0
0,15.0,1,1,1,0,0
0,15.0,1,1,1,0,0
0,15.0,1,1,1,0,0
0,15.0,1,1,1,0,0
0,15.0,1,0,0,0,0
0,15.0,1,1,1,0,0
0,15.0,1,1,1,0,0
0,15.0,1,1,1,0,0
0,15.0,1,1,1,0,0
0,15.0,1,1,1,0,0
0,15.0,1,1,1,0,0
0,15.0,1,0,0,0,0
0,15.0,1,0,0,0,0
0,15.0,1,0,0,0,0
0,15.0,1,0,0,0,0
0,15.0,1,0,0,0,0
0,15.0,1,0,0,0,0
0,15.0,1,0,0,0,0
0,15.0,1,0,0,0,0
0,15.0,1,0,0,0,0
0,15.0,1,0,0,0,0
0,15.0,1,0,0,0,0
0,15.0,1,0,0,0,0
0,15.0,1,0,0,0,0
0,15.0,1,0,0,0,0
0,15.0,1,0,0,0,0
0,15.0,1,0,0,0,0
0,15.0,1,0,0,0,0
0,15.0,1,0,0,0,0
0,15.0,1,0,0,0,0
0,234.0,1,0,0,0,0
0,15.0,1,0,0,0,0
0,15.0,1,0,0,0,0
0,15.0,1,0,0,0,0
0,15.0,1,0,0,0,0
0,15.0,1,0,0,0,0
0,15.0,1,0,0,0,0
0,15.0,1,0,0,0,0
0,15.0,1,0,0,0,0
0,15.0,1,0,0,0,0
0,15.0,1,0,0,0,0
0,15.0,1,0,0,0,0
0,15.0,1,0,0,0,0
0,15.0,1,0,0,0,0
0,15.0,1,0,0,0,0
0,15.0,1,0,0,0,0
0,15.0,1,0,0,0,0
0,15.0,1,0,0,0,0
0,15.0,1,0,0,0,0
0,15.0,1,0,0,0,0
0,15.0,1,0,0,0,0
0,15.0,1,0,0,0,0
0,15.0,1,0,0,0,0
0,15.0,1,0,0,0,0
0,15.0,1,0,0,0,0
0,15.0,1,0,0,0,0
0,15.0,1,0,0,0,0
0,15.0,1,0,0,0,0
0,15.0,1,0,0,0,0
0,15.0,1,0,0,0,0
0,15.0,1,0,0,0,0
0,15.0,1,0,0,0,0
0,15.0,1,0,0,0,0
0,15.0,1,0,0,0,0
0,15.0,1,0,0,0,0
0,15.0,1,0,0,0,0
0,15.0,1,0,0,0,0
0,15.0,1,0,0,0,0
0,15.0,1,0,0,0,0
0,15.0,1,1,1,0,0
0,15.0,1,1,1,0,0
0,15.0,1,1,1,0,0
0,15.0,1,1,1,0,0
0,15.0,1,0,0,0,0
0,15.0,1,0,0,0,0
0,15.0,1,0,0,0,0
0,15.0,1,0,0,0,0
0,15.0,1,0,0,0,0
0,133.0,1,0,0,0,0
0,15.0,1,0,0,0,0
0,15.0,1,0,0,0,0
0,15.0,1,0,0,0,0
0,15.0,1,0,0,0,0
0,15.0,1,0,0,0,0
0,267.0,1,0,0,0,0
0,15.0,1,0,0,0,0
0,15.0,1,0,0,0,0
0,15.0,1,0,0,0,0
0,15.0,1,0,0,0,0
0,15.0,1,0,0,0,0
0,15.0,1,0,0,0,0
0,15.0,1,0,0,0,0
0,15.0,1,0,0,0,0
0,15.0,1,0,0,0,0
0,15.0,1,0,0,0,0
0,15.0,1,0,0,0,0
0,15.0,1,0,0,0,0
0,15.0,1,0,0,0,0
0,15.0,1,0,0,0,0
0,15.0,1,0,0,0,0
0,15.0,1,0,0,0,0
0,15.0,1,0,0,0,0
0,15.0,1,0,0,0,0
0,15.0,1,0,0,0,0
0,15.0,1,0,0,0,0
0,15.0,1,0,0,0,0
0,15.0,1,0,0,0,0
0,37.0,1,0,0,0,0
0,15.0,1,0,0,0,0
0,15.0,1,0,0,0,0
0,15.0,1,0,0,0,0
0,15.0,1,0,0,0,0
0,15.0,1,0,0,0,0
0,15.0,1,0,0,0,0
0,15.0,1,0,0,0,0
0,15.0,1,0,0,0,0
0,15.0,1,0,0,0,0
0,15.0,1,0,0,0,0
0,15.0,1,0,0,0,0
0,15.0,1,0,0,0,0
0,15.0,1,0,0,0,0
0,15.0,1,0,0,0,0
0,15.0,1,0,0,0,0
0,15.0,1,0,0,0,0
0,15.0,1,0,0,0,0
0,15.0,1,0,0,0,0
0,15.0,1,0,0,0,0
0,15.0,1,0,0,0,0
0,15.0,1,0,0,0,0
0,15.0,1,0,0,0,0
0,15.0,1,0,0,0,0
0,15.0,1,0,0,0,0
0,15.0,1,0,0,0,0
0,15.0,1,0,0,0,0
0,15.0,1,0,0,0,0
0,15.0,1,1,1,0,0
0,15.0,1,1,1,0,0
0,15.0,1,0,0,0,0
0,15.0,2,0,0,0,0
0,15.0,1,0,0,0,0
0,15.0,1,0,0,0,0
0,15.0,1,0,0,0,0
0,15.0,1,0,0,0,0
0,15.0,1,0,0,0,0
0,15.0,1,0,0,0,0
0,15.0,1,0,0,0,0
0,15.0,1,0,0,0,0
0,15.0,1,0,0,0,0
0,15.0,1,0,0,0,0
0,15.0,1,0,0,0,0
0,15.0,1,0,0,0,0
0,15.0,1,0,0,0,0
0,15.0,1,0,0,0,0
0,15.0,1,0,0,0,0
0,15.0,1,0,0,0,0
0,15.0,1,0,0,0,0
0,15.0,1,0,0,0,0
0,15.0,1,0,0,0,0
0,15.0,1,0,0,0,0
0,15.0,1,0,0,0,0
0,15.0,1,0,0,0,0
0,15.0,1,0,0,0,0
0,15.0,1,0,0,0,0
0,15.0,1,0,0,0,0
0,15.0,1,0,0,0,0
0,15.0,1,0,0,0,0
0,15.0,1,0,0,0,0
0,15.0,1,0,0,0,0
0,15.0,1,1,1,0,0
0,15.0,1,1,1,0,0
0,15.0,1,1,1,0,0
0,15.0,1,1,1,0,0
0,15.0,1,0,0,0,0
0,15.0,1,0,0,0,0
0,15.0,1,0,0,0,0
0,15.0,1,0,0,0,0
0,15.0,1,0,0,0,0
0,15.0,1,0,0,0,0
0,15.0,1,0,0,0,0
0,15.0,1,0,0,0,0
0,15.0,1,0,0,0,0
0,15.0,1,0,0,0,0
0,15.0,1,0,0,0,0
0,15.0,1,0,0,0,0
0,15.0,1,0,0,0,0
0,15.0,1,0,0,0,0
0,15.0,1,0,0,0,0
0,15.0,1,0,0,0,0
0,15.0,1,0,0,0,0
0,15.0,1,0,0,0,0
0,15.0,1,0,0,0,0
0,15.0,1,0,0,0,0
0,15.0,1,0,0,0,0
0,15.0,1,0,0,0,0
0,15.0,1,0,0,0,0
0,15.0,1,0,0,0,0
0,15.0,1,0,0,0,0
0,15.0,1,0,0,0,0
0,15.0,1,0,0,0,0
0,15.0,1,0,0,0,0
0,15.0,1,0,0,0,0
0,15.0,1,0,0,0,0
0,15.0,1,0,0,0,0
0,15.0,1,0,0,0,0
0,15.0,1,0,0,0,0
0,15.0,1,0,0,0,0
0,15.0,2,0,0,0,0
0,15.0,1,0,0,0,0
0,15.0,1,0,0,0,0
0,15.0,1,0,0,0,0
0,15.0,1,0,0,0,0
0,15.0,1,0,0,0,0
0,15.0,1,0,0,0,0
0,15.0,1,0,0,0,0
0,15.0,1,0,0,0,0
0,15.0,1,0,0,0,0
0,15.0,1,0,0,0,0
0,15.0,1,0,0,0,0
0,15.0,1,0,0,0,0
0,15.0,1,0,0,0,0
0,15.0,1,0,0,0,0
0,15.0,1,0,0,0,0
0,15.0,1,0,0,0,0
0,15.0,1,0,0,0,0
0,15.0,1,0,0,0,0
0,15.0,1,0,0,0,0
0,15.0,1,0,0,0,0
0,15.0,1,0,0,0,0
0,15.0,1,0,0,0,0
0,15.0,1,0,0,0,0
0,15.0,1,0,0,0,0
0,15.0,1,0,0,0,0
0,15.0,1,0,0,0,0
0,15.0,1,0,0,0,0
0,15.0,1,0,0,0,0
0,15.0,1,0,0,0,0
0,15.0,1,0,0,0,0
0,15.0,1,0,0,0,0
0,15.0,1,0,0,0,0
0,15.0,1,0,0,0,0
0,15.0,1,0,0,0,0
0,15.0,1,0,0,0,0
0,15.0,1,0,0,0,0
0,15.0,1,0,0,0,0
0,15.0,1,0,0,0,0
0,15.0,1,0,0,0,0
0,15.0,1,0,0,0,0
0,15.0,2,0,0,0,0
0,15.0,1,0,0,0,0
0,15.0,1,0,0,0,0
0,15.0,1,0,0,0,0
0,15.0,1,0,0,0,0
0,15.0,1,0,0,0,0
0,15.0,1,0,0,0,0
0,15.0,1,0,0,0,0
0,15.0,1,0,0,0,0
0,15.0,1,0,0,0,0
0,15.0,1,0,0,0,0
0,15.0,1,0,0,0,0
0,15.0,1,0,0,0,0
0,15.0,1,0,0,0,0
0,15.0,1,0,0,0,0
0,15.0,1,0,0,0,0
0,15.0,1,0,0,0,0
0,15.0,1,0,0,0,0
0,15.0,1,0,0,0,0
0,15.0,1,0,0,0,0
0,15.0,1,0,0,0,0
0,15.0,1,0,0,0,0
0,15.0,1,0,0,0,0
0,15.0,1,0,0,0,0
0,15.0,1,0,0,0,0
0,15.0,1,0,0,0,0
0,15.0,1,0,0,0,0
0,15.0,1,1,1,0,0
0,15.0,1,1,1,0,0
0,15.0,1,1,1,0,0
0,15.0,1,1,1,0,0
0,15.0,1,0,0,0,0
0,15.0,1,0,0,0,0
0,15.0,1,0,0,0,0
0,15.0,1,0,0,0,0
0,15.0,1,0,0,0,0
0,15.0,1,0,0,0,0
0,15.0,1,0,0,0,0
0,15.0,1,0,0,0,0
0,15.0,1,0,0,0,0
0,15.0,1,0,0,0,0
0,15.0,1,0,0,0,0
0,15.0,1,0,0,0,0
0,15.0,1,0,0,0,0
0,15.0,1,1,1,0,0
0,15.0,1,1,1,0,0
0,15.0,1,1,1,0,0
0,15.0,1,0,0,0,0
0,15.0,1,0,0,0,0
0,15.0,1,0,0,0,0
0,15.0,1,0,0,0,0
0,15.0,1,0,0,0,0
0,15.0,1,0,0,0,0
0,15.0,1,0,0,0,0
0,15.0,1,0,0,0,0
0,15.0,1,0,0,0,0
0,15.0,1,1,1,0,0
0,15.0,1,1,1,0,0
0,15.0,1,1,1,0,0
0,15.0,1,0,0,0,0
0,15.0,1,0,0,0,0
0,15.0,1,0,0,0,0
0,15.0,1,0,0,0,0
0,15.0,1,0,0,0,0
0,15.0,1,0,0,0,0
0,15.0,1,0,0,0,0
0,15.0,1,0,0,0,0
0,15.0,1,0,0,0,0
0,15.0,1,0,0,0,0
0,15.0,1,0,0,0,0
0,15.0,1,0,0,0,0
0,15.0,1,0,0,0,0
0,15.0,1,0,0,0,0
0,15.0,1,0,0,0,0
0,15.0,1,1,1,0,0
0,15.0,1,1,1,0,0
0,15.0,1,1,1,0,0
0,15.0,1,1,1,0,0
0,15.0,1,1,1,0,0
0,15.0,1,0,0,0,0
0,15.0,1,0,0,0,0
0,15.0,1,0,0,0,0
0,15.0,1,0,0,0,0
0,15.0,1,0,0,0,0
0,15.0,1,1,1,0,0
0,15.0,1,1,1,0,0
0,15.0,1,1,1,0,0
0,15.0,1,1,1,0,0
0,15.0,1,0,0,0,0
0,15.0,1,0,0,0,0
0,15.0,1,0,0,0,0
0,15.0,1,0,0,0,0
0,15.0,1,0,0,0,0
0,15.0,1,0,0,0,0
0,15.0,1,0,0,0,0
0,15.0,1,0,0,0,0
0,15.0,1,0,0,0,0
0,15.0,1,0,0,0,0
0,15.0,1,0,0,0,0
0,15.0,1,0,0,0,0
0,15.0,1,0,0,0,0
0,15.0,1,0,0,0,0
0,15.0,1,0,0,0,0
0,15.0,1,0,0,0,0
0,15.0,1,0,0,0,0
0,15.0,2,0,0,0,0
0,15.0,1,0,0,0,0
0,15.0,1,0,0,0,0
0,15.0,1,0,0,0,0
0,15.0,1,0,0,0,0
0,15.0,1,0,0,0,0
0,15.0,1,0,0,0,0
0,15.0,1,0,0,0,0
0,15.0,1,0,0,0,0
0,15.0,1,1,1,0,0
0,15.0,1,1,1,0,0
0,15.0,1,1,1,0,0
0,15.0,1,1,1,0,0
0,15.0,1,1,1,0,0
0,15.0,1,1,1,0,0
0,15.0,1,0,0,0,0
0,15.0,1,0,0,0,0
0,15.0,1,0,0,0,0
0,214.0,1,1,1,0,0
0,15.0,1,0,0,0,0
0,15.0,1,0,0,0,0
0,15.0,2,0,0,0,0
0,15.0,1,0,0,0,0
0,15.0,1,0,0,0,0
0,15.0,1,0,0,0,0
0,15.0,1,0,0,0,0
0,15.0,1,0,0,0,0
0,15.0,1,0,0,0,0
0,15.0,1,0,0,0,0
0,15.0,1,0,0,0,0
0,15.0,1,1,1,0,0
0,15.0,1,1,1,0,0
0,15.0,1,1,1,0,0
0,15.0,1,1,1,0,0
0,15.0,1,0,0,0,0
0,15.0,1,0,0,0,0
0,15.0,1,0,0,0,0
0,15.0,1,0,0,0,0
0,15.0,1,0,0,0,0
0,15.0,1,0,0,0,0
0,15.0,1,0,0,0,0
0,15.0,1,0,0,0,0
0,15.0,1,0,0,0,0
0,15.0,1,0,0,0,0
0,15.0,1,0,0,0,0
0,15.0,1,0,0,0,0
0,15.0,1,0,0,0,0
0,15.0,1,0,0,0,0
0,15.0,1,0,0,0,0
0,15.0,1,0,0,0,0
0,15.0,1,0,0,0,0
0,15.0,1,0,0,0,0
0,15.0,1,0,0,0,0
0,15.0,1,0,0,0,0
0,15.0,1,1,1,0,0
0,15.0,1,1,1,0,0
0,15.0,1,1,1,0,0
0,15.0,1,0,0,0,0
0,15.0,1,0,0,0,0
0,15.0,1,0,0,0,0
0,15.0,1,0,0,0,0
0,15.0,1,0,0,0,0
0,15.0,1,0,0,0,0
0,15.0,1,0,0,0,0
0,15.0,1,0,0,0,0
0,15.0,1,0,0,0,0
0,15.0,1,0,0,0,0
0,15.0,1,0,0,0,0
0,15.0,1,0,0,0,0
0,15.0,1,0,0,0,0
0,15.0,1,0,0,0,0
0,15.0,1,0,0,0,0
0,15.0,1,0,0,0,0
0,15.0,1,0,0,0,0
0,15.0,1,0,0,0,0
0,15.0,1,0,0,0,0
0,15.0,1,0,0,0,0
0,15.0,1,0,0,0,0
0,15.0,1,0,0,0,0
0,15.0,1,0,0,0,0
0,15.0,1,0,0,0,0
0,15.0,1,1,1,0,0
0,15.0,1,1,1,0,0
0,15.0,1,1,1,0,0
0,15.0,1,0,0,0,0
0,15.0,1,0,0,0,0
0,15.0,1,0,0,0,0
0,15.0,1,0,0,0,0
0,15.0,1,0,0,0,0
0,15.0,1,0,0,0,0
0,15.0,1,0,0,0,0
0,15.0,1,0,0,0,0
0,15.0,1,0,0,0,0
0,15.0,1,0,0,0,0
0,15.0,1,0,0,0,0
0,15.0,1,0,0,0,0
0,15.0,1,0,0,0,0
0,260.0,1,0,0,0,0
0,15.0,1,0,0,0,0
0,15.0,1,0,0,0,0
0,15.0,1,0,0,0,0
0,15.0,1,0,0,0,0
0,15.0,1,0,0,0,0
0,15.0,1,1,1,0,0
0,15.0,1,1,1,0,0
0,15.0,1,1,1,0,0
0,15.0,1,1,1,0,0
0,15.0,1,0,0,0,0
0,15.0,1,0,0,0,0
0,15.0,1,0,0,0,0
0,15.0,1,0,0,0,0
0,15.0,1,0,0,0,0
0,15.0,1,0,0,0,0
0,15.0,1,0,0,0,0
0,15.0,1,0,0,0,0
0,15.0,1,0,0,0,0
0,15.0,1,0,0,0,0
0,15.0,1,0,0,0,0
0,15.0,1,0,0,0,0
0,15.0,1,0,0,0,0
0,15.0,1,0,0,0,0
0,15.0,1,0,0,0,0
0,15.0,1,0,0,0,0
0,15.0,1,0,0,0,0
0,15.0,1,0,0,0,0
0,15.0,1,0,0,0,0
0,15.0,1,0,0,0,0
0,15.0,1,0,0,0,0
0,15.0,1,0,0,0,0
0,15.0,1,0,0,0,0
0,15.0,1,0,0,0,0
0,15.0,1,0,0,0,0
0,15.0,1,0,0,0,0
0,15.0,1,0,0,0,0
0,15.0,1,0,0,0,0
0,15.0,1,0,0,0,0
0,15.0,1,0,0,0,0
0,15.0,1,0,0,0,0
0,15.0,1,0,0,0,0
0,15.0,1,0,0,0,0
0,15.0,1,0,0,0,0
0,15.0,1,0,0,0,0
0,15.0,1,0,0,0,0
0,15.0,1,0,0,0,0
0,15.0,1,0,0,0,0
0,15.0,1,0,0,0,0
0,15.0,1,0,0,0,0
0,15.0,1,0,0,0,0
0,15.0,1,0,0,0,0
0,15.0,1,0,0,0,0
0,15.0,1,0,0,0,0
0,15.0,1,0,0,0,0
0,15.0,1,0,0,0,0
0,15.0,1,0,0,0,0
0,15.0,1,0,0,0,0
0,15.0,1,0,0,0,0
0,15.0,1,1,1,0,0
0,15.0,1,1,1,0,0
0,15.0,1,1,1,0,0
0,15.0,1,1,1,0,0
0,15.0,1,1,1,0,0
0,15.0,1,1,1,0,0
0,15.0,1,0,0,0,0
0,15.0,1,0,0,0,0
0,15.0,1,0,0,0,0
0,15.0,1,0,0,0,0
0,15.0,1,1,1,0,0
0,15.0,1,1,1,0,0
0,15.0,1,1,1,0,0
0,15.0,1,1,1,0,0
0,15.0,1,0,0,0,0
0,15.0,1,0,0,0,0
0,15.0,1,0,0,0,0
0,15.0,1,0,0,0,0
0,15.0,1,0,0,0,0
0,15.0,1,0,0,0,0
0,15.0,1,0,0,0,0
0,15.0,1,1,1,0,0
0,15.0,1,0,0,0,0
0,15.0,1,0,0,0,0
0,15.0,1,0,0,0,0
0,15.0,1,0,0,0,0
0,15.0,1,0,0,0,0
0,15.0,1,0,0,0,0
0,15.0,1,0,0,0,0
0,15.0,1,0,0,0,0
0,15.0,1,0,0,0,0
0,15.0,1,0,0,0,0
0,15.0,1,0,0,0,0
0,15.0,1,0,0,0,0
0,15.0,1,0,0,0,0
0,15.0,1,0,0,0,0
0,15.0,1,0,0,0,0
0,15.0,1,0,0,0,0
0,15.0,1,0,0,0,0
0,15.0,1,0,0,0,0
0,15.0,1,0,0,0,0
0,15.0,1,0,0,0,0
0,15.0,1,0,0,0,0
0,15.0,1,0,0,0,0
0,15.0,1,0,0,0,0
0,15.0,1,0,0,0,0
0,15.0,1,0,0,0,0
0,15.0,1,0,0,0,0
0,15.0,1,0,0,0,0
0,15.0,1,0,0,0,0
0,15.0,1,0,0,0,0
0,15.0,1,0,0,0,0
0,15.0,1,0,0,0,0
0,15.0,1,0,0,0,0
0,15.0,1,0,0,0,0
0,15.0,1,0,0,0,0
0,15.0,1,0,0,0,0
0,15.0,1,0,0,0,0
0,15.0,1,1,1,0,0
0,15.0,1,1,1,0,0
0,15.0,1,1,1,0,0
0,15.0,1,1,1,0,0
0,15.0,1,0,0,0,0
0,15.0,1,0,0,0,0
0,15.0,1,0,0,0,0
0,15.0,1,0,0,0,0
0,15.0,1,0,0,0,0
0,15.0,1,0,0,0,0
0,15.0,1,0,0,0,0
0,15.0,1,0,0,0,0
0,15.0,1,0,0,0,0
0,15.0,1,0,0,0,0
0,15.0,1,0,0,0,0
0,15.0,1,0,0,0,0
0,15.0,1,0,0,0,0
0,15.0,1,0,0,0,0
0,15.0,1,0,0,0,0
0,15.0,1,0,0,0,0
0,15.0,1,0,0,0,0
0,15.0,1,0,0,0,0
0,15.0,1,0,0,0,0
0,15.0,1,0,0,0,0
0,15.0,1,0,0,0,0
0,15.0,1,0,0,0,0
0,15.0,2,0,0,0,0
0,15.0,1,0,0,0,0
0,15.0,1,0,0,0,0
0,15.0,1,1,1,0,0
0,15.0,1,1,1,0,0
0,15.0,1,0,0,0,0
0,15.0,1,0,0,0,0
0,15.0,1,0,0,0,0
0,15.0,1,0,0,0,0
0,15.0,1,0,0,0,0
0,15.0,1,0,0,0,0
0,15.0,1,0,0,0,0
0,15.0,1,0,0,0,0
0,15.0,1,0,0,0,0
0,15.0,1,0,0,0,0
0,15.0,1,0,0,0,0
0,15.0,1,1,1,0,0
0,15.0,1,1,1,0,0
0,15.0,1,0,0,0,0
0,15.0,1,0,0,0,0
0,15.0,1,0,0,0,0
0,15.0,1,0,0,0,0
0,15.0,1,0,0,0,0
0,15.0,1,0,0,0,0
0,15.0,1,1,1,0,0
0,15.0,1,1,1,0,0
0,15.0,1,1,1,0,0
0,15.0,1,1,1,0,0
0,15.0,1,1,1,0,0
0,15.0,2,1,1,0,0
0,15.0,1,1,1,0,0
0,15.0,1,0,0,0,0
0,15.0,1,0,0,0,0
0,15.0,1,0,0,0,0
0,15.0,1,0,0,0,0
0,15.0,1,0,0,0,0
0,15.0,1,0,0,0,0
0,15.0,1,0,0,0,0
0,15.0,1,0,0,0,0
0,15.0,1,0,0,0,0
0,15.0,1,1,1,0,0
0,15.0,1,1,1,0,0
0,15.0,1,1,1,0,0
0,15.0,1,1,1,0,0
0,15.0,1,0,0,0,0
0,15.0,1,0,0,0,0
0,15.0,1,0,0,0,0
0,15.0,1,0,0,0,0
0,15.0,1,0,0,0,0
0,15.0,1,0,0,0,0
0,15.0,1,0,0,0,0
0,15.0,1,0,0,0,0
0,15.0,1,0,0,0,0
0,15.0,1,0,0,0,0
0,15.0,1,0,0,0,0
0,15.0,1,0,0,0,0
0,15.0,2,0,0,0,0
0,15.0,1,1,1,0,0
0,15.0,1,1,1,0,0
0,15.0,1,1,1,0,0
0,15.0,1,1,1,0,0
0,15.0,1,1,1,0,0
0,15.0,1,1,1,0,0
0,15.0,1,1,1,0,0
0,15.0,1,0,0,0,0
0,15.0,1,0,0,0,0
0,15.0,1,0,0,0,0
0,15.0,1,0,0,0,0
0,15.0,1,0,0,0,0
0,49.0,1,0,0,0,0
0,15.0,1,0,0,0,0
0,15.0,1,0,0,0,0
0,15.0,1,0,0,0,0
0,15.0,1,0,0,0,0
0,15.0,1,0,0,0,0
0,15.0,1,1,1,0,0
0,15.0,1,0,0,0,0
0,15.0,1,0,0,0,0
0,15.0,1,0,0,0,0
0,15.0,2,1,1,0,0
0,15.0,1,1,1,0,0
0,15.0,1,0,0,0,0
0,15.0,1,0,0,0,0
0,15.0,1,0,0,0,0
0,15.0,1,0,0,0,0
0,15.0,1,0,0,0,0
0,15.0,1,0,0,0,0
0,15.0,1,0,0,0,0
0,15.0,1,0,0,0,0
0,15.0,1,0,0,0,0
0,15.0,1,0,0,0,0
0,15.0,1,0,0,0,0
0,15.0,1,1,1,0,0
0,15.0,1,1,1,0,0
0,15.0,1,1,1,0,0
0,15.0,1,1,1,0,0
0,15.0,1,1,1,0,0
0,15.0,1,1,1,0,0
0,15.0,1,1,1,0,0
0,15.0,1,0,0,0,0
0,50.0,1,0,0,0,0
0,15.0,1,0,0,0,0
0,15.0,1,0,0,0,0
0,15.0,1,0,0,0,0
0,15.0,2,0,0,0,0
0,15.0,1,0,0,0,0
0,15.0,1,0,0,0,0
0,15.0,1,0,0,0,0
0,15.0,1,0,0,0,0
0,15.0,1,0,0,0,0
0,15.0,1,0,0,0,0
0,15.0,1,0,0,0,0
0,15.0,1,0,0,0,0
0,15.0,1,0,0,0,0
0,15.0,1,0,0,0,0
0,15.0,1,0,0,0,0
0,15.0,1,0,0,0,0
0,15.0,1,0,0,0,0
0,15.0,1,1,1,0,0
0,15.0,1,1,1,0,0
0,15.0,1,1,1,0,0
0,15.0,1,1,1,0,0
0,15.0,1,0,0,0,0
0,15.0,1,0,0,0,0
0,15.0,1,0,0,0,0
0,15.0,1,0,0,0,0
0,15.0,1,0,0,0,0
0,15.0,1,0,0,0,0
0,15.0,1,0,0,0,0
0,15.0,1,1,1,0,0
0,15.0,1,1,1,0,0
0,15.0,1,0,0,0,0
0,15.0,1,0,0,0,0
0,15.0,1,0,0,0,0
0,15.0,1,0,0,0,0
0,15.0,1,0,0,0,0
0,15.0,1,0,0,0,0
0,15.0,1,0,0,0,0
0,15.0,1,0,0,0,0
0,15.0,1,0,0,0,0
0,15.0,1,0,0,0,0
0,15.0,1,0,0,0,0
0,15.0,1,0,0,0,0
0,15.0,1,0,0,0,0
0,15.0,2,0,0,0,0
0,15.0,1,0,0,0,0
0,15.0,1,0,0,0,0
0,15.0,1,0,0,0,0
0,15.0,1,0,0,0,0
0,15.0,1,0,0,0,0
0,15.0,1,0,0,0,0
0,15.0,1,0,0,0,0
0,15.0,1,0,0,0,0
0,15.0,1,0,0,0,0
0,15.0,1,0,0,0,0
0,15.0,1,0,0,0,0
0,15.0,1,1,1,0,0
0,15.0,1,1,1,0,0
0,15.0,1,1,1,0,0
0,15.0,1,1,1,0,0
0,15.0,1,0,0,0,0
0,15.0,1,0,0,0,0
0,15.0,1,0,0,0,0
0,15.0,1,0,0,0,0
0,15.0,1,0,0,0,0
0,15.0,1,0,0,0,0
0,15.0,1,0,0,0,0
0,15.0,1,0,0,0,0
0,15.0,1,0,0,0,0
0,15.0,1,0,0,0,0
0,15.0,1,0,0,0,0
0,15.0,1,0,0,0,0
0,15.0,1,0,0,0,0
0,15.0,1,0,0,0,0
0,15.0,1,0,0,0,0
0,15.0,1,0,0,0,0
0,15.0,1,0,0,0,0
0,15.0,1,0,0,0,0
0,15.0,1,0,0,0,0
0,15.0,1,0,0,0,0
0,15.0,1,0,0,0,0
0,15.0,1,1,1,0,0
0,15.0,1,0,0,0,0
0,15.0,1,0,0,0,0
0,15.0,1,0,0,0,0
0,15.0,1,1,1,0,0
0,15.0,1,1,1,0,0
0,15.0,1,1,1,0,0
0,15.0,1,1,1,0,0
0,15.0,1,2,2,0,0
0,15.0,1,2,2,0,0
0,15.0,1,2,2,0,0
0,15.0,1,2,2,0,0
0,15.0,1,1,1,0,0
0,15.0,1,1,1,0,0
0,15.0,1,0,0,0,0
0,15.0,1,0,0,0,0
0,15.0,1,0,0,0,0
0,15.0,2,0,0,0,0
0,15.0,1,0,0,0,0
0,15.0,1,0,0,0,0
0,15.0,1,0,0,0,0
0,15.0,1,0,0,0,0
0,15.0,1,0,0,0,0
0,15.0,1,0,0,0,0
0,15.0,1,1,1,0,0
0,15.0,1,1,1,0,0
0,15.0,1,1,1,0,0
0,15.0,1,1,1,0,0
0,15.0,1,1,1,0,0
0,15.0,1,0,0,0,0
0,15.0,1,0,0,0,0
0,15.0,1,0,0,0,0
0,15.0,1,0,0,0,0
0,15.0,1,0,0,0,0
0,15.0,1,0,0,0,0
0,15.0,1,0,0,0,0
0,15.0,1,0,0,0,0
0,15.0,1,0,0,0,0
0,15.0,1,0,0,0,0
0,15.0,1,0,0,0,0
0,15.0,1,0,0,0,0
0,15.0,1,0,0,0,0
0,15.0,1,0,0,0,0
0,15.0,1,0,0,0,0
0,15.0,1,0,0,0,0
0,15.0,1,0,0,0,0
0,15.0,1,0,0,0,0
0,15.0,1,0,0,0,0
0,15.0,1,0,0,0,0
0,15.0,1,0,0,0,0
0,15.0,1,0,0,0,0
0,15.0,1,0,0,0,0
0,15.0,1,0,0,0,0
0,15.0,1,0,0,0,0
0,15.0,1,0,0,0,0
0,15.0,1,0,0,0,0
0,15.0,1,0,0,0,0
0,15.0,1,0,0,0,0
0,15.0,1,0,0,0,0
0,15.0,1,0,0,0,0
0,15.0,1,0,0,0,0
0,15.0,1,0,0,0,0
0,15.0,1,0,0,0,0
0,15.0,1,0,0,0,0
0,15.0,1,0,0,0,0
0,15.0,1,0,0,0,0
0,15.0,1,0,0,0,0
0,15.0,1,0,0,0,0
0,15.0,1,0,0,0,0
0,15.0,1,0,0,0,0
0,15.0,1,0,0,0,0
0,15.0,1,0,0,0,0
0,15.0,1,0,0,0,0
0,15.0,1,0,0,0,0
0,15.0,1,0,0,0,0
0,15.0,1,0,0,0,0
0,15.0,1,0,0,0,0
0,15.0,1,0,0,0,0
0,15.0,1,0,0,0,0
0,15.0,1,0,0,0,0
0,15.0,1,0,0,0,0
0,15.0,1,0,0,0,0
0,15.0,1,0,0,0,0
0,15.0,1,0,0,0,0
0,15.0,1,0,0,0,0
0,15.0,1,0,0,0,0
0,15.0,1,0,0,0,0
0,15.0,1,0,0,0,0
0,15.0,1,0,0,0,0
0,15.0,1,0,0,0,0
0,15.0,1,0,0,0,0
0,15.0,1,0,0,0,0
0,15.0,1,0,0,0,0
0,15.0,1,0,0,0,0
0,15.0,1,0,0,0,0
0,15.0,2,0,0,0,0
0,15.0,1,0,0,0,0
0,15.0,1,0,0,0,0
0,15.0,1,0,0,0,0
0,15.0,1,0,0,0,0
0,15.0,1,0,0,0,0
0,15.0,1,0,0,0,0
0,15.0,1,0,0,0,0
0,15.0,1,0,0,0,0
0,15.0,1,0,0,0,0
0,15.0,1,0,0,0,0
0,15.0,1,0,0,0,0
0,15.0,1,0,0,0,0
0,65.0,1,0,0,0,0
0,15.0,1,0,0,0,0
0,15.0,1,0,0,0,0
0,15.0,1,0,0,0,0
0,15.0,1,0,0,0,0
0,15.0,1,0,0,0,0
0,15.0,1,0,0,0,0
0,15.0,1,0,0,0,0
0,15.0,1,0,0,0,0
0,15.0,1,0,0,0,0
0,15.0,1,0,0,0,0
0,15.0,1,0,0,0,0
0,15.0,1,0,0,0,0
0,15.0,1,0,0,0,0
0,15.0,1,0,0,0,0
0,15.0,1,0,0,0,0
0,15.0,1,1,1,0,0
0,15.0,1,1,1,0,0
0,15.0,1,1,1,0,0
0,15.0,1,1,1,0,0
0,15.0,1,1,1,0,0
0,15.0,1,1,1,0,0
0,15.0,1,2,2,0,0
0,15.0,1,0,0,0,0
0,15.0,1,0,0,0,0
0,15.0,1,0,0,0,0
0,15.0,1,1,1,0,0
0,15.0,1,1,1,0,0
0,15.0,1,1,1,0,0
0,15.0,1,0,0,0,0
0,15.0,1,0,0,0,0
0,15.0,1,0,0,0,0
0,15.0,1,0,0,0,0
0,15.0,1,0,0,0,0
0,15.0,1,0,0,0,0
0,15.0,1,0,0,0,0
0,15.0,1,0,0,0,0
0,15.0,1,0,0,0,0
0,15.0,1,0,0,0,0
0,15.0,1,0,0,0,0
0,15.0,1,0,0,0,0
0,15.0,1,0,0,0,0
0,15.0,1,0,0,0,0
0,15.0,1,0,0,0,0
0,15.0,1,0,0,0,0
0,15.0,1,0,0,0,0
0,15.0,1,0,0,0,0
0,15.0,1,0,0,0,0
0,15.0,1,0,0,0,0
0,15.0,1,0,0,0,0
0,15.0,2,0,0,0,0
0,15.0,1,0,0,0,0
0,15.0,1,0,0,0,0
0,15.0,1,0,0,0,0
0,15.0,1,0,0,0,0
0,15.0,1,0,0,0,0
0,178.0,1,0,0,0,0
0,15.0,1,1,1,0,0
0,15.0,1,2,2,0,0
0,15.0,1,2,2,0,0
0,15.0,1,2,2,0,0
0,15.0,1,2,2,0,0
0,15.0,1,2,2,0,0
0,15.0,2,2,2,0,0
0,15.0,1,1,1,0,0
0,15.0,1,0,0,0,0
0,15.0,1,0,0,0,0
0,15.0,1,0,0,0,0
0,15.0,1,0,0,0,0
0,15.0,1,0,0,0,0
0,15.0,1,0,0,0,0
0,15.0,1,0,0,0,0
0,15.0,1,0,0,0,0
0,15.0,1,0,0,0,0
0,15.0,1,0,0,0,0
0,15.0,1,0,0,0,0
0,15.0,1,0,0,0,0
0,15.0,1,0,0,0,0
0,15.0,1,0,0,0,0
0,15.0,1,0,0,0,0
0,15.0,1,0,0,0,0
0,15.0,1,0,0,0,0
0,15.0,1,0,0,0,0
0,15.0,1,0,0,0,0
0,15.0,1,1,1,0,0
0,15.0,1,1,1,0,0
0,15.0,1,1,1,0,0
0,15.0,1,0,0,0,0
0,15.0,1,0,0,0,0
0,15.0,1,0,0,0,0
0,15.0,1,0,0,0,0
0,15.0,1,0,0,0,0
0,15.0,1,0,0,0,0
0,15.0,1,0,0,0,0
0,15.0,1,0,0,0,0
0,15.0,1,0,0,0,0
0,15.0,1,0,0,0,0
0,15.0,1,0,0,0,0
0,15.0,1,0,0,0,0
0,15.0,1,0,0,0,0
0,15.0,1,0,0,0,0
0,15.0,1,0,0,0,0
0,15.0,1,0,0,0,0
0,15.0,1,0,0,0,0
0,15.0,1,0,0,0,0
0,15.0,1,0,0,0,0
0,15.0,1,0,0,0,0
0,15.0,1,0,0,0,0
0,15.0,1,0,0,0,0
0,15.0,2,0,0,0,0
0,15.0,1,0,0,0,0
0,15.0,1,0,0,0,0
0,15.0,1,0,0,0,0
0,15.0,1,0,0,0,0
0,15.0,1,0,0,0,0
0,15.0,1,0,0,0,0
0,15.0,1,0,0,0,0
0,15.0,1,0,0,0,0
0,15.0,1,0,0,0,0
0,15.0,1,0,0,0,0
0,15.0,1,0,0,0,0
0,15.0,1,0,0,0,0
0,15.0,1,0,0,0,0
0,15.0,1,0,0,0,0
0,15.0,1,0,0,0,0
0,15.0,1,0,0,0,0
0,15.0,1,0,0,0,0
0,15.0,1,0,0,0,0
0,15.0,1,0,0,0,0
0,15.0,1,0,0,0,0
0,15.0,1,0,0,0,0
0,15.0,1,0,0,0,0
0,15.0,1,0,0,0,0
0,15.0,1,0,0,0,0
0,15.0,1,0,0,0,0
0,15.0,1,0,0,0,0
0,15.0,1,0,0,0,0
0,15.0,1,0,0,0,0
0,15.0,1,0,0,0,0
0,15.0,1,1,1,0,0
0,5.0,1,1,1,0,0
0,15.0,1,1,1,0,0
0,15.0,1,0,0,0,0
0,15.0,1,0,0,0,0
0,15.0,1,0,0,0,0
0,15.0,1,0,0,0,0
0,15.0,1,0,0,0,0
0,15.0,1,0,0,0,0
0,15.0,1,0,0,0,0
0,15.0,1,0,0,0,0
0,15.0,1,0,0,0,0
0,15.0,1,0,0,0,0
0,15.0,1,0,0,0,0
0,15.0,1,0,0,0,0
0,15.0,1,0,0,0,0
0,15.0,1,0,0,0,0
0,15.0,1,0,0,0,0
0,15.0,1,0,0,0,0
0,15.0,1,0,0,0,0
0,15.0,1,0,0,0,0
0,15.0,1,0,0,0,0
0,15.0,1,0,0,0,0
0,15.0,1,0,0,0,0
0,15.0,1,0,0,0,0
0,15.0,1,0,0,0,0
0,15.0,1,0,0,0,0
0,15.0,1,0,0,0,0
0,15.0,1,0,0,0,0
0,15.0,1,0,0,0,0
0,15.0,1,0,0,0,0
0,15.0,1,0,0,0,0
0,15.0,1,0,0,0,0
0,15.0,1,0,0,0,0
0,15.0,1,0,0,0,0
0,15.0,1,0,0,0,0
0,15.0,1,0,0,0,0
0,15.0,1,0,0,0,0
0,15.0,2,0,0,0,0
0,15.0,1,0,0,0,0
0,15.0,1,0,0,0,0
0,15.0,1,0,0,0,0
0,15.0,1,0,0,0,0
0,15.0,1,0,0,0,0
0,15.0,1,0,0,0,0
0,15.0,1,0,0,0,0
0,15.0,1,0,0,0,0
0,15.0,2,0,0,0,0
0,15.0,1,0,0,0,0
0,15.0,1,0,0,0,0
0,15.0,1,0,0,0,0
0,15.0,1,0,0,0,0
0,15.0,1,0,0,0,0
0,15.0,1,0,0,0,0
0,15.0,1,0,0,0,0
0,15.0,1,0,0,0,0
0,15.0,1,0,0,0,0
0,15.0,1,0,0,0,0
0,15.0,1,0,0,0,0
0,15.0,1,0,0,0,0
0,15.0,1,1,1,0,0
0,15.0,1,1,1,0,0
0,15.0,1,0,0,0,0
0,15.0,1,0,0,0,0
0,15.0,1,0,0,0,0
0,15.0,2,0,0,0,0
0,15.0,1,0,0,0,0
0,15.0,1,0,0,0,0
0,15.0,1,0,0,0,0
0,15.0,1,0,0,0,0
0,15.0,1,0,0,0,0
0,15.0,1,0,0,0,0
0,15.0,1,0,0,0,0
0,15.0,1,0,0,0,0
0,15.0,2,0,0,0,0
0,15.0,1,0,0,0,0
0,15.0,1,0,0,0,0
0,15.0,1,0,0,0,0
0,15.0,1,0,0,0,0
0,15.0,1,0,0,0,0
0,15.0,1,0,0,0,0
0,15.0,1,0,0,0,0
0,15.0,1,0,0,0,0
0,15.0,1,0,0,0,0
0,15.0,1,0,0,0,0
0,15.0,1,0,0,0,0
0,15.0,1,0,0,0,0
0,15.0,1,0,0,0,0
0,15.0,1,0,0,0,0
0,15.0,1,0,0,0,0
0,15.0,1,0,0,0,0
0,15.0,1,0,0,0,0
0,15.0,1,0,0,0,0
0,15.0,1,0,0,0,0
0,15.0,1,0,0,0,0
0,15.0,1,0,0,0,0
0,15.0,1,0,0,0,0
0,15.0,1,0,0,0,0
0,15.0,1,0,0,0,0
0,15.0,1,0,0,0,0
0,15.0,1,0,0,0,0
0,15.0,1,0,0,0,0
0,15.0,1,0,0,0,0
0,15.0,1,0,0,0,0
0,15.0,1,0,0,0,0
0,15.0,1,0,0,0,0
0,15.0,1,0,0,0,0
0,15.0,1,0,0,0,0
0,15.0,1,0,0,0,0
0,15.0,1,0,0,0,0
0,15.0,1,0,0,0,0
0,15.0,1,0,0,0,0
0,15.0,1,0,0,0,0
0,15.0,1,0,0,0,0
0,15.0,1,0,0,0,0
0,15.0,1,0,0,0,0
0,15.0,1,0,0,0,0
0,15.0,1,0,0,0,0
0,15.0,1,0,0,0,0
0,15.0,1,0,0,0,0
0,15.0,1,0,0,0,0
0,15.0,1,0,0,0,0
0,15.0,1,0,0,0,0
0,15.0,1,0,0,0,0
0,15.0,1,0,0,0,0
0,15.0,1,0,0,0,0
0,15.0,1,0,0,0,0
0,15.0,1,0,0,0,0
0,15.0,1,0,0,0,0
0,15.0,1,0,0,0,0
0,15.0,1,0,0,0,0
0,15.0,1,0,0,0,0
0,15.0,1,0,0,0,0
0,15.0,1,0,0,0,0
0,15.0,1,0,0,0,0
0,15.0,1,0,0,0,0
0,15.0,1,0,0,0,0
0,15.0,1,0,0,0,0
0,15.0,1,0,0,0,0
0,15.0,1,1,1,0,0
0,15.0,1,1,1,0,0
0,15.0,1,1,1,0,0
0,15.0,1,1,1,0,0
0,15.0,1,0,0,0,0
0,15.0,1,0,0,0,0
0,15.0,1,0,0,0,0
0,15.0,1,0,0,0,0
0,15.0,1,0,0,0,0
0,15.0,1,0,0,0,0
0,15.0,1,0,0,0,0
0,15.0,1,0,0,0,0
0,15.0,1,0,0,0,0
0,15.0,1,1,1,0,0
0,15.0,1,1,1,0,0
0,15.0,1,1,1,0,0
0,15.0,1,2,2,0,0
0,15.0,1,1,1,0,0
0,15.0,1,1,1,0,0
0,15.0,1,1,1,0,0
0,15.0,1,0,0,0,0
0,15.0,1,1,1,0,0
0,15.0,1,1,1,0,0
0,15.0,1,0,0,0,0
0,15.0,1,0,0,0,0
0,15.0,1,0,0,0,0
0,15.0,1,0,0,0,0
0,15.0,1,1,1,0,0
0,15.0,1,1,1,0,0
0,15.0,1,1,1,0,0
0,15.0,1,1,1,0,0
0,15.0,1,1,1,0,0
0,15.0,1,0,0,0,0
0,15.0,1,0,0,0,0
0,15.0,1,0,0,0,0
0,15.0,1,0,0,0,0
0,15.0,1,0,0,0,0
0,15.0,1,0,0,0,0
0,15.0,1,0,0,0,0
0,15.0,1,0,0,0,0
0,15.0,1,0,0,0,0
0,15.0,1,0,0,0,0
0,15.0,1,0,0,0,0
0,15.0,1,0,0,0,0
0,15.0,1,0,0,0,0
0,15.0,1,0,0,0,0
0,15.0,1,0,0,0,0
0,15.0,1,0,0,0,0
0,15.0,1,0,0,0,0
0,15.0,1,0,0,0,0
0,15.0,1,1,1,0,0
0,15.0,1,1,1,0,0
0,15.0,1,1,1,0,0
0,15.0,1,0,0,0,0
0,15.0,1,0,0,0,0
0,15.0,1,0,0,0,0
0,15.0,1,0,0,0,0
0,15.0,1,0,0,0,0
0,15.0,1,0,0,0,0
0,15.0,1,0,0,0,0
0,15.0,1,0,0,0,0
0,15.0,1,0,0,0,0
0,15.0,1,0,0,0,0
0,15.0,1,0,0,0,0
0,15.0,1,0,0,0,0
0,15.0,1,0,0,0,0
0,15.0,1,0,0,0,0
0,15.0,1,0,0,0,0
0,15.0,1,0,0,0,0
0,15.0,1,0,0,0,0
0,15.0,1,0,0,0,0
0,15.0,1,1,1,0,0
0,15.0,1,1,1,0,0
0,15.0,1,1,1,0,0
0,15.0,2,1,1,0,0
0,15.0,1,0,0,0,0
0,15.0,1,0,0,0,0
0,15.0,1,0,0,0,0
0,15.0,1,0,0,0,0
0,15.0,1,0,0,0,0
0,15.0,1,0,0,0,0
0,15.0,1,0,0,0,0
0,15.0,1,0,0,0,0
0,15.0,1,1,1,0,0
0,15.0,1,1,1,0,0
0,15.0,1,0,0,0,0
0,15.0,1,0,0,0,0
0,15.0,1,0,0,0,0
0,15.0,1,0,0,0,0
0,15.0,1,0,0,0,0
0,15.0,1,0,0,0,0
0,15.0,1,0,0,0,0
0,15.0,1,0,0,0,0
0,15.0,1,0,0,0,0
0,15.0,1,0,0,0,0
0,15.0,1,0,0,0,0
0,15.0,1,0,0,0,0
0,15.0,1,0,0,0,0
0,15.0,1,0,0,0,0
0,15.0,1,0,0,0,0
0,15.0,1,0,0,0,0
0,15.0,1,0,0,0,0
0,15.0,1,0,0,0,0
0,15.0,1,0,0,0,0
0,15.0,1,0,0,0,0
0,15.0,1,0,0,0,0
0,15.0,1,0,0,0,0
0,15.0,1,0,0,0,0
0,15.0,1,0,0,0,0
0,15.0,1,0,0,0,0
0,15.0,1,0,0,0,0
0,15.0,1,0,0,0,0
0,15.0,1,0,0,0,0
0,15.0,1,0,0,0,0
0,15.0,1,0,0,0,0
0,15.0,1,0,0,0,0
0,15.0,1,0,0,0,0
0,15.0,1,0,0,0,0
0,15.0,1,0,0,0,0
0,15.0,1,0,0,0,0
0,15.0,1,0,0,0,0
0,15.0,1,0,0,0,0
0,15.0,1,0,0,0,0
0,15.0,1,0,0,0,0
0,15.0,1,0,0,0,0
0,15.0,1,0,0,0,0
0,15.0,1,0,0,0,0
0,15.0,1,0,0,0,0
0,15.0,1,0,0,0,0
0,15.0,1,1,1,0,0
0,15.0,1,1,1,0,0
0,15.0,1,1,1,0,0
0,15.0,1,1,1,0,0
0,15.0,1,1,1,0,0
0,15.0,1,1,1,0,0
0,15.0,1,0,0,0,0
0,15.0,1,0,0,0,0
0,15.0,2,0,0,0,0
0,15.0,1,0,0,0,0
0,15.0,1,0,0,0,0
0,15.0,1,0,0,0,0
0,15.0,1,0,0,0,0
0,15.0,1,1,1,0,0
0,15.0,1,1,1,0,0
0,15.0,1,1,1,0,0
0,15.0,1,1,1,0,0
0,15.0,1,1,1,0,0
0,15.0,1,0,0,0,0
0,15.0,1,0,0,0,0
0,15.0,1,0,0,0,0
0,15.0,1,0,0,0,0
0,15.0,1,0,0,0,0
0,15.0,1,0,0,0,0
0,15.0,1,0,0,0,0
0,15.0,1,0,0,0,0
0,15.0,1,0,0,0,0
0,15.0,1,0,0,0,0
0,15.0,1,0,0,0,0
0,15.0,1,0,0,0,0
0,15.0,1,0,0,0,0
0,15.0,1,0,0,0,0
0,15.0,1,0,0,0,0
0,15.0,1,0,0,0,0
0,15.0,1,0,0,0,0
0,15.0,1,0,0,0,0
0,15.0,1,0,0,0,0
0,15.0,1,0,0,0,0
0,15.0,1,0,0,0,0
0,15.0,1,0,0,0,0
0,15.0,1,0,0,0,0
0,15.0,1,0,0,0,0
0,15.0,1,0,0,0,0
0,15.0,1,0,0,0,0
0,15.0,1,0,0,0,0
0,15.0,1,0,0,0,0
0,15.0,1,0,0,0,0
0,15.0,1,0,0,0,0
0,15.0,1,0,0,0,0
0,15.0,1,1,1,0,0
0,15.0,1,1,1,0,0
0,15.0,1,1,1,0,0
0,15.0,1,1,1,0,0
0,15.0,1,1,1,0,0
0,15.0,2,1,1,0,0
0,15.0,1,0,0,0,0
0,15.0,1,0,0,0,0
0,15.0,1,0,0,0,0
0,15.0,1,0,0,0,0
0,15.0,1,0,0,0,0
0,15.0,1,0,0,0,0
0,15.0,1,0,0,0,0
0,15.0,1,0,0,0,0
0,15.0,1,0,0,0,0
0,15.0,1,1,1,0,0
0,15.0,1,1,1,0,0
0,15.0,1,2,2,0,0
0,15.0,1,1,1,0,0
0,15.0,1,0,0,0,0
0,15.0,1,0,0,0,0
0,15.0,1,0,0,0,0
0,15.0,1,0,0,0,0
0,15.0,1,0,0,0,0
0,15.0,1,0,0,0,0
0,15.0,1,0,0,0,0
0,15.0,1,0,0,0,0
0,15.0,1,0,0,0,0
0,15.0,1,0,0,0,0
0,15.0,1,0,0,0,0
0,15.0,1,0,0,0,0
0,15.0,1,0,0,0,0
0,15.0,1,1,1,0,0
0,15.0,1,1,1,0,0
0,15.0,1,1,1,0,0
0,15.0,1,1,1,0,0
0,15.0,1,0,0,0,0
0,15.0,1,0,0,0,0
0,15.0,1,0,0,0,0
0,15.0,1,0,0,0,0
0,15.0,1,0,0,0,0
0,15.0,1,0,0,0,0
0,15.0,1,0,0,0,0
0,15.0,1,0,0,0,0
0,15.0,1,0,0,0,0
0,15.0,1,0,0,0,0
0,15.0,1,0,0,0,0
0,15.0,1,0,0,0,0
0,15.0,1,0,0,0,0
0,15.0,1,0,0,0,0
0,15.0,1,1,1,0,0
0,15.0,1,1,1,0,0
0,15.0,1,1,1,0,0
0,15.0,1,1,1,0,0
0,15.0,1,1,1,0,0
0,15.0,1,0,0,0,0
0,15.0,1,0,0,0,0
0,15.0,1,0,0,0,0
0,15.0,1,0,0,0,0
0,15.0,1,0,0,0,0
0,15.0,1,0,0,0,0
0,15.0,1,0,0,0,0
0,15.0,1,0,0,0,0
0,15.0,1,0,0,0,0
0,15.0,1,0,0,0,0
0,15.0,1,0,0,0,0
0,15.0,1,0,0,0,0
0,15.0,1,0,0,0,0
0,15.0,1,0,0,0,0
0,15.0,1,0,0,0,0
0,15.0,1,0,0,0,0
0,15.0,1,0,0,0,0
0,15.0,1,0,0,0,0
0,15.0,1,0,0,0,0
0,15.0,1,0,0,0,0
0,15.0,1,0,0,0,0
0,15.0,1,0,0,0,0
0,15.0,1,0,0,0,0
0,15.0,1,0,0,0,0
0,15.0,1,0,0,0,0
0,15.0,1,1,1,0,0
0,15.0,1,1,1,0,0
0,15.0,1,0,0,0,0
0,15.0,1,0,0,0,0
0,15.0,1,0,0,0,0
0,15.0,1,0,0,0,0
0,15.0,1,0,0,0,0
0,15.0,1,0,0,0,0
0,15.0,1,0,0,0,0
0,15.0,1,0,0,0,0
0,15.0,1,0,0,0,0
0,15.0,1,0,0,0,0
0,15.0,1,0,0,0,0
0,15.0,1,0,0,0,0
0,15.0,1,0,0,0,0
0,15.0,1,0,0,0,0
0,15.0,1,1,1,0,0
0,15.0,1,1,1,0,0
0,15.0,1,1,1,0,0
0,15.0,1,1,1,0,0
0,15.0,1,1,1,0,0
0,15.0,1,0,0,0,0
0,15.0,1,0,0,0,0
0,15.0,1,0,0,0,0
0,15.0,1,0,0,0,0
0,15.0,1,0,0,0,0
0,15.0,1,0,0,0,0
0,15.0,1,0,0,0,0
0,15.0,1,0,0,0,0
0,15.0,1,0,0,0,0
0,15.0,1,1,1,0,0
0,15.0,1,1,1,0,0
0,15.0,1,1,1,0,0
0,15.0,1,0,0,0,0
0,15.0,1,0,0,0,0
0,15.0,1,0,0,0,0
0,15.0,1,0,0,0,0
0,15.0,1,0,0,0,0
0,15.0,1,0,0,0,0
0,15.0,1,0,0,0,0
0,15.0,1,0,0,0,0
0,15.0,1,0,0,0,0
0,15.0,1,0,0,0,0
0,15.0,1,0,0,0,0
0,15.0,1,0,0,0,0
0,15.0,1,0,0,0,0
0,15.0,1,0,0,0,0
0,15.0,1,0,0,0,0
0,15.0,1,0,0,0,0
0,15.0,1,1,1,0,0
0,15.0,1,1,1,0,0
0,15.0,1,0,0,0,0
0,15.0,1,0,0,0,0
0,15.0,1,0,0,0,0
0,15.0,1,0,0,0,0
0,15.0,1,0,0,0,0
0,15.0,1,0,0,0,0
0,15.0,1,0,0,0,0
0,15.0,1,0,0,0,0
0,15.0,1,0,0,0,0
0,15.0,1,0,0,0,0
0,15.0,1,0,0,0,0
0,15.0,1,0,0,0,0
0,15.0,1,0,0,0,0
0,15.0,1,0,0,0,0
0,15.0,1,0,0,0,0
0,15.0,1,0,0,0,0
0,15.0,1,0,0,0,0
0,15.0,1,0,0,0,0
0,15.0,1,0,0,0,0
0,15.0,1,0,0,0,0
0,15.0,1,0,0,0,0
0,15.0,1,0,0,0,0
0,15.0,1,0,0,0,0
0,15.0,1,0,0,0,0
0,15.0,1,0,0,0,0
0,15.0,1,1,1,0,0
0,15.0,1,0,0,0,0
0,15.0,1,0,0,0,0
0,15.0,1,1,1,0,0
0,15.0,1,1,1,0,0
0,15.0,1,1,1,0,0
0,15.0,1,1,1,0,0
0,15.0,1,0,0,0,0
0,15.0,1,1,1,0,0
0,15.0,1,2,2,0,0
0,15.0,1,2,2,0,0
0,15.0,1,2,2,0,0
0,15.0,1,2,2,0,0
0,15.0,1,0,0,0,0
0,15.0,1,0,0,0,0
0,15.0,1,0,0,0,0
0,15.0,1,0,0,0,0
0,15.0,1,1,1,0,0
0,15.0,1,1,1,0,0
0,15.0,1,1,1,0,0
0,15.0,1,1,1,0,0
0,15.0,1,1,1,0,0
0,15.0,1,0,0,0,0
0,15.0,1,0,0,0,0
0,15.0,1,0,0,0,0
0,15.0,1,0,0,0,0
0,15.0,1,0,0,0,0
0,15.0,1,0,0,0,0
0,15.0,1,0,0,0,0
0,15.0,1,1,1,0,0
0,15.0,1,1,1,0,0
0,15.0,1,0,0,0,0
0,15.0,1,0,0,0,0
0,15.0,1,0,0,0,0
0,15.0,1,1,1,0,0
0,15.0,1,1,1,0,0
0,15.0,1,2,2,0,0
0,15.0,1,1,1,0,0
0,15.0,1,1,1,0,0
0,15.0,1,0,0,0,0
0,15.0,1,0,0,0,0
0,15.0,1,1,1,0,0
0,15.0,1,0,0,0,0
0,15.0,1,0,0,0,0
0,15.0,1,0,0,0,0
0,15.0,1,0,0,0,0
0,15.0,1,0,0,0,0
0,15.0,1,0,0,0,0
0,15.0,1,0,0,0,0
0,15.0,1,0,0,0,0
0,15.0,1,0,0,0,0
0,15.0,1,0,0,0,0
0,15.0,1,0,0,0,0
0,15.0,1,0,0,0,0
0,15.0,1,0,0,0,0
0,15.0,1,0,0,0,0
0,15.0,1,0,0,0,0
0,15.0,1,0,0,0,0
0,15.0,1,0,0,0,0
0,15.0,1,0,0,0,0
0,15.0,1,0,0,0,0
0,15.0,1,0,0,0,0
0,15.0,1,0,0,0,0
0,15.0,1,0,0,0,0
0,15.0,1,0,0,0,0
0,15.0,1,0,0,0,0
0,15.0,1,0,0,0,0
0,15.0,1,0,0,0,0
0,15.0,1,0,0,0,0
0,15.0,1,0,0,0,0
0,15.0,2,0,0,0,0
0,15.0,1,0,0,0,0
0,15.0,1,0,0,0,0
0,15.0,1,0,0,0,0
0,15.0,1,0,0,0,0
0,15.0,1,0,0,0,0
0,15.0,1,0,0,0,0
0,15.0,1,0,0,0,0
0,15.0,1,0,0,0,0
0,15.0,1,0,0,0,0
0,15.0,1,0,0,0,0
0,15.0,1,0,0,0,0
0,15.0,1,0,0,0,0
0,15.0,1,0,0,0,0
0,15.0,1,0,0,0,0
0,15.0,1,0,0,0,0
0,15.0,1,0,0,0,0
0,15.0,1,0,0,0,0
0,15.0,1,0,0,0,0
0,15.0,1,0,0,0,0
0,15.0,1,0,0,0,0
0,27.0,1,0,0,0,0
0,15.0,1,0,0,0,0
0,15.0,1,0,0,0,0
0,15.0,1,0,0,0,0
0,15.0,1,0,0,0,0
0,15.0,1,0,0,0,0
0,15.0,1,0,0,0,0
0,15.0,1,0,0,0,0
0,15.0,1,0,0,0,0
0,15.0,1,0,0,0,0
0,15.0,1,0,0,0,0
0,15.0,1,0,0,0,0
0,15.0,1,0,0,0,0
0,15.0,1,0,0,0,0
0,15.0,1,1,1,0,0
0,15.0,1,2,2,0,0
0,15.0,1,2,2,0,0
0,15.0,1,1,1,0,0
0,15.0,1,0,0,0,0
0,15.0,1,0,0,0,0
0,15.0,1,0,0,0,0
0,15.0,1,0,0,0,0
0,15.0,1,0,0,0,0
0,15.0,1,0,0,0,0
0,15.0,1,0,0,0,0
0,15.0,1,0,0,0,0
0,15.0,1,0,0,0,0
0,15.0,1,0,0,0,0
0,15.0,1,0,0,0,0
0,15.0,1,0,0,0,0
0,15.0,1,0,0,0,0
0,15.0,1,0,0,0,0
0,15.0,1,0,0,0,0
0,15.0,1,0,0,0,0
0,15.0,1,0,0,0,0
0,15.0,1,0,0,0,0
0,15.0,1,0,0,0,0
0,15.0,1,0,0,0,0
0,15.0,1,0,0,0,0
0,15.0,1,0,0,0,0
0,15.0,1,0,0,0,0
0,15.0,1,0,0,0,0
0,15.0,1,0,0,0,0
0,15.0,1,0,0,0,0
0,15.0,1,0,0,0,0
0,15.0,1,0,0,0,0
0,15.0,1,0,0,0,0
0,15.0,1,0,0,0,0
0,15.0,1,0,0,0,0
0,15.0,1,0,0,0,0
0,15.0,1,0,0,0,0
0,15.0,1,0,0,0,0
0,15.0,1,0,0,0,0
0,15.0,1,0,0,0,0
0,15.0,1,0,0,0,0
0,15.0,1,0,0,0,0
0,15.0,1,0,0,0,0
0,15.0,1,0,0,0,0
0,15.0,1,0,0,0,0
0,15.0,1,0,0,0,0
0,15.0,1,1,1,0,0
0,15.0,1,1,1,0,0
0,15.0,1,0,0,0,0
0,15.0,1,0,0,0,0
0,15.0,1,0,0,0,0
0,15.0,1,0,0,0,0
0,15.0,1,0,0,0,0
0,15.0,1,0,0,0,0
0,15.0,1,0,0,0,0
0,15.0,1,0,0,0,0
0,15.0,1,0,0,0,0
0,15.0,1,0,0,0,0
0,15.0,1,0,0,0,0
0,15.0,1,0,0,0,0
0,15.0,1,0,0,0,0
0,15.0,1,0,0,0,0
0,15.0,1,0,0,0,0
0,15.0,1,0,0,0,0
0,15.0,1,0,0,0,0
0,15.0,1,0,0,0,0
0,15.0,1,0,0,0,0
0,15.0,1,0,0,0,0
0,15.0,1,0,0,0,0
0,15.0,1,0,0,0,0
0,15.0,1,0,0,0,0
0,15.0,1,0,0,0,0
0,15.0,1,0,0,0,0
0,15.0,1,0,0,0,0
0,149.0,1,0,0,0,0
0,15.0,1,0,0,0,0
0,15.0,1,0,0,0,0
0,15.0,1,0,0,0,0
0,15.0,1,1,1,0,0
0,15.0,1,2,2,0,0
0,15.0,1,0,0,0,0
0,15.0,1,0,0,0,0
0,15.0,1,0,0,0,0
0,15.0,1,0,0,0,0
0,15.0,1,0,0,0,0
0,15.0,1,0,0,0,0
0,15.0,1,0,0,0,0
0,15.0,1,0,0,0,0
0,15.0,1,0,0,0,0
0,15.0,1,0,0,0,0
0,15.0,1,0,0,0,0
0,15.0,1,0,0,0,0
0,15.0,1,0,0,0,0
0,239.0,1,0,0,0,0
0,15.0,1,0,0,0,0
0,15.0,1,0,0,0,0
0,15.0,1,0,0,0,0
0,15.0,1,0,0,0,0
0,15.0,1,0,0,0,0
0,15.0,1,0,0,0,0
0,15.0,1,0,0,0,0
0,15.0,1,0,0,0,0
0,15.0,1,0,0,0,0
0,15.0,1,0,0,0,0
0,15.0,1,0,0,0,0
0,15.0,1,0,0,0,0
0,15.0,1,0,0,0,0
0,15.0,1,0,0,0,0
0,15.0,1,0,0,0,0
0,15.0,1,0,0,0,0
0,15.0,1,0,0,0,0
0,15.0,1,0,0,0,0
0,15.0,1,0,0,0,0
0,15.0,1,0,0,0,0
0,15.0,1,0,0,0,0
0,15.0,1,0,0,0,0
0,15.0,1,0,0,0,0
0,15.0,1,0,0,0,0
0,15.0,1,0,0,0,0
0,15.0,1,0,0,0,0
0,15.0,1,0,0,0,0
0,15.0,1,0,0,0,0
0,15.0,1,0,0,0,0
0,15.0,1,0,0,0,0
0,15.0,1,0,0,0,0
0,15.0,1,0,0,0,0
0,15.0,1,0,0,0,0
0,15.0,1,0,0,0,0
0,15.0,1,0,0,0,0
0,15.0,1,0,0,0,0
0,15.0,1,0,0,0,0
0,15.0,1,0,0,0,0
0,15.0,1,0,0,0,0
0,15.0,1,0,0,0,0
0,15.0,1,0,0,0,0
0,15.0,1,0,0,0,0
0,15.0,1,0,0,0,0
0,15.0,1,0,0,0,0
0,15.0,1,0,0,0,0
0,15.0,1,0,0,0,0
0,15.0,1,0,0,0,0
0,15.0,1,0,0,0,0
0,15.0,1,0,0,0,0
0,15.0,1,0,0,0,0
0,15.0,1,0,0,0,0
0,15.0,1,0,0,0,0
0,15.0,1,0,0,0,0
0,15.0,1,0,0,0,0
0,15.0,1,0,0,0,0
0,15.0,1,0,0,0,0
0,15.0,1,0,0,0,0
0,15.0,1,0,0,0,0
0,15.0,1,0,0,0,0
0,15.0,1,0,0,0,0
0,15.0,1,0,0,0,0
0,15.0,1,1,1,0,0
0,15.0,1,1,1,0,0
0,15.0,1,1,1,0,0
0,15.0,1,1,1,0,0
0,15.0,1,1,1,0,0
0,15.0,1,0,0,0,0
0,15.0,1,0,0,0,0
0,15.0,1,0,0,0,0
0,15.0,1,0,0,0,0
0,15.0,1,0,0,0,0
0,15.0,1,0,0,0,0
0,15.0,1,1,1,0,0
0,15.0,1,1,1,0,0
0,15.0,1,1,1,0,0
0,15.0,1,1,1,0,0
0,15.0,1,1,1,0,0
0,15.0,1,1,1,0,0
0,15.0,1,1,1,0,0
0,15.0,1,0,0,0,0
0,15.0,1,0,0,0,0
0,15.0,1,0,0,0,0
0,15.0,1,0,0,0,0
0,15.0,1,0,0,0,0
0,15.0,1,0,0,0,0
0,15.0,1,0,0,0,0
0,15.0,1,0,0,0,0
0,15.0,1,0,0,0,0
0,15.0,1,0,0,0,0
0,15.0,1,0,0,0,0
0,15.0,1,0,0,0,0
0,15.0,1,0,0,0,0
0,15.0,1,0,0,0,0
0,15.0,1,0,0,0,0
0,15.0,1,0,0,0,0
0,15.0,1,0,0,0,0
0,15.0,1,0,0,0,0
0,15.0,1,0,0,0,0
0,15.0,1,1,1,0,0
0,15.0,1,1,1,0,0
0,15.0,1,1,1,0,0
0,15.0,1,0,0,0,0
0,15.0,1,0,0,0,0
0,15.0,1,0,0,0,0
0,15.0,1,0,0,0,0
0,15.0,1,0,0,0,0
0,15.0,1,0,0,0,0
0,15.0,1,0,0,0,0
0,15.0,1,0,0,0,0
0,15.0,1,0,0,0,0
0,15.0,1,0,0,0,0
0,15.0,1,0,0,0,0
0,15.0,1,0,0,0,0
0,15.0,1,0,0,0,0
0,15.0,1,0,0,0,0
0,15.0,1,1,1,0,0
0,15.0,1,1,1,0,0
0,15.0,1,0,0,0,0
0,15.0,1,0,0,0,0
0,15.0,1,0,0,0,0
0,15.0,1,0,0,0,0
0,15.0,1,0,0,0,0
0,15.0,1,0,0,0,0
0,15.0,1,0,0,0,0
0,15.0,1,0,0,0,0
0,15.0,1,0,0,0,0
0,15.0,1,0,0,0,0
0,15.0,1,0,0,0,0
0,15.0,1,0,0,0,0
0,15.0,1,0,0,0,0
0,15.0,1,0,0,0,0
0,15.0,1,0,0,0,0
0,15.0,1,0,0,0,0
0,15.0,1,0,0,0,0
0,15.0,1,0,0,0,0
0,15.0,1,0,0,0,0
0,15.0,1,0,0,0,0
0,15.0,1,0,0,0,0
0,15.0,1,0,0,0,0
0,15.0,1,0,0,0,0
0,15.0,1,0,0,0,0
0,15.0,1,0,0,0,0
0,15.0,1,0,0,0,0
0,15.0,1,0,0,0,0
0,15.0,1,0,0,0,0
0,15.0,1,1,1,0,0
0,15.0,1,1,1,0,0
0,15.0,1,1,1,0,0
0,15.0,1,0,0,0,0
0,15.0,1,0,0,0,0
0,15.0,1,0,0,0,0
0,15.0,1,1,1,0,0
0,15.0,1,1,1,0,0
0,15.0,1,1,1,0,0
0,15.0,1,1,1,0,0
0,15.0,1,0,0,0,0
0,15.0,1,0,0,0,0
0,15.0,1,0,0,0,0
0,15.0,1,0,0,0,0
0,15.0,2,1,1,0,0
0,15.0,1,1,1,0,0
0,15.0,1,1,1,0,0
0,15.0,1,0,0,0,0
0,15.0,1,0,0,0,0
0,15.0,1,0,0,0,0
0,15.0,1,0,0,0,0
0,15.0,1,0,0,0,0
0,15.0,1,0,0,0,0
0,15.0,1,0,0,0,0
0,15.0,1,0,0,0,0
0,15.0,1,0,0,0,0
0,15.0,1,0,0,0,0
0,15.0,1,0,0,0,0
0,15.0,1,0,0,0,0
0,15.0,1,0,0,0,0
0,15.0,1,0,0,0,0
0,15.0,1,0,0,0,0
0,15.0,1,0,0,0,0
0,15.0,1,0,0,0,0
0,15.0,1,0,0,0,0
0,15.0,1,0,0,0,0
0,15.0,1,0,0,0,0
0,15.0,1,0,0,0,0
0,15.0,1,0,0,0,0
0,15.0,1,0,0,0,0
0,15.0,1,0,0,0,0
0,15.0,1,0,0,0,0
0,15.0,1,0,0,0,0
0,15.0,1,0,0,0,0
0,15.0,1,0,0,0,0
0,15.0,1,0,0,0,0
0,15.0,1,0,0,0,0
0,15.0,1,0,0,0,0
0,15.0,1,0,0,0,0
0,15.0,1,0,0,0,0
0,15.0,1,0,0,0,0
0,15.0,1,0,0,0,0
0,15.0,1,0,0,0,0
0,15.0,1,0,0,0,0
0,15.0,1,0,0,0,0
0,15.0,1,0,0,0,0
0,15.0,1,0,0,0,0
0,15.0,1,0,0,0,0
0,15.0,1,0,0,0,0
0,15.0,1,0,0,0,0
0,15.0,1,0,0,0,0
0,15.0,1,0,0,0,0
0,15.0,1,0,0,0,0
0,15.0,1,0,0,0,0
0,15.0,1,0,0,0,0
0,15.0,1,0,0,0,0
0,15.0,1,0,0,0,0
0,15.0,1,0,0,0,0
0,15.0,1,0,0,0,0
0,15.0,1,0,0,0,0
0,15.0,1,0,0,0,0
0,15.0,1,1,1,0,0
0,15.0,1,1,1,0,0
0,15.0,1,1,1,0,0
0,15.0,1,1,1,0,0
0,15.0,1,1,1,0,0
0,15.0,1,0,0,0,0
0,15.0,1,0,0,0,0
0,15.0,1,0,0,0,0
0,15.0,1,0,0,0,0
0,15.0,1,0,0,0,0
0,15.0,1,1,1,0,0
0,15.0,1,1,1,0,0
0,15.0,1,1,1,0,0
0,15.0,1,0,0,0,0
0,15.0,1,0,0,0,0
0,15.0,1,0,0,0,0
0,15.0,1,1,1,0,0
0,15.0,1,1,1,0,0
0,15.0,1,1,1,0,0
0,15.0,1,0,0,0,0
0,15.0,1,0,0,0,0
0,15.0,1,0,0,0,0
0,15.0,1,0,0,0,0
0,15.0,1,0,0,0,0
0,15.0,1,0,0,0,0
0,15.0,1,0,0,0,0
0,15.0,1,0,0,0,0
0,15.0,1,0,0,0,0
0,15.0,1,0,0,0,0
0,15.0,1,0,0,0,0
0,15.0,1,0,0,0,0
0,15.0,1,0,0,0,0
0,15.0,1,0,0,0,0
0,15.0,1,0,0,0,0
0,15.0,1,0,0,0,0
0,15.0,1,1,1,0,0
0,15.0,1,1,1,0,0
0,15.0,1,0,0,0,0
0,15.0,1,0,0,0,0
0,15.0,1,0,0,0,0
0,15.0,1,0,0,0,0
0,15.0,1,0,0,0,0
0,15.0,1,0,0,0,0
0,15.0,1,0,0,0,0
0,15.0,1,0,0,0,0
0,15.0,2,0,0,0,0
0,15.0,1,0,0,0,0
0,15.0,1,0,0,0,0
0,15.0,1,0,0,0,0
0,15.0,1,0,0,0,0
0,15.0,1,0,0,0,0
0,15.0,1,0,0,0,0
0,15.0,1,0,0,0,0
0,15.0,1,0,0,0,0
0,15.0,1,0,0,0,0
0,15.0,1,0,0,0,0
0,15.0,1,0,0,0,0
0,15.0,1,0,0,0,0
0,15.0,1,0,0,0,0
0,15.0,1,0,0,0,0
0,15.0,1,0,0,0,0
0,15.0,1,0,0,0,0
0,15.0,1,0,0,0,0
0,15.0,1,0,0,0,0
0,15.0,1,0,0,0,0
0,15.0,1,0,0,0,0
0,15.0,1,0,0,0,0
0,15.0,1,0,0,0,0
0,15.0,1,0,0,0,0
0,15.0,1,1,1,0,0
0,15.0,1,1,1,0,0
0,15.0,1,1,1,0,0
0,15.0,1,1,1,0,0
0,15.0,1,0,0,0,0
0,15.0,1,0,0,0,0
0,15.0,1,0,0,0,0
0,15.0,1,0,0,0,0
0,15.0,1,0,0,0,0
0,15.0,1,0,0,0,0
0,15.0,1,0,0,0,0
0,15.0,1,0,0,0,0
0,15.0,1,0,0,0,0
0,15.0,1,0,0,0,0
0,15.0,2,0,0,0,0
0,15.0,1,0,0,0,0
0,15.0,1,0,0,0,0
0,15.0,1,0,0,0,0
0,15.0,1,1,1,0,0
0,15.0,1,1,1,0,0
0,15.0,1,1,1,0,0
0,15.0,1,0,0,0,0
0,15.0,1,0,0,0,0
0,15.0,1,0,0,0,0
0,15.0,1,0,0,0,0
0,15.0,1,0,0,0,0
0,15.0,1,0,0,0,0
0,15.0,1,0,0,0,0
0,15.0,1,0,0,0,0
0,15.0,1,0,0,0,0
0,15.0,1,0,0,0,0
0,15.0,1,0,0,0,0
0,15.0,1,0,0,0,0
0,15.0,1,0,0,0,0
0,15.0,1,0,0,0,0
0,15.0,1,0,0,0,0
0,15.0,1,0,0,0,0
0,15.0,1,1,1,0,0
0,15.0,1,0,0,0,0
0,15.0,1,0,0,0,0
0,15.0,1,0,0,0,0
0,15.0,1,0,0,0,0
0,15.0,1,0,0,0,0
0,15.0,1,0,0,0,0
0,15.0,1,0,0,0,0
0,15.0,1,0,0,0,0
0,15.0,1,0,0,0,0
0,15.0,1,0,0,0,0
0,15.0,1,0,0,0,0
0,15.0,1,0,0,0,0
0,15.0,1,0,0,0,0
0,15.0,1,0,0,0,0
0,15.0,1,0,0,0,0
0,15.0,1,0,0,0,0
0,15.0,1,0,0,0,0
0,15.0,1,0,0,0,0
0,15.0,1,0,0,0,0
0,15.0,1,0,0,0,0
0,15.0,1,0,0,0,0
0,15.0,1,0,0,0,0
0,15.0,1,0,0,0,0
0,15.0,1,0,0,0,0
0,15.0,1,0,0,0,0
0,15.0,1,0,0,0,0
0,15.0,1,0,0,0,0
0,15.0,1,0,0,0,0
0,15.0,1,0,0,0,0
0,15.0,1,0,0,0,0
0,15.0,1,0,0,0,0
0,15.0,1,0,0,0,0
0,15.0,1,0,0,0,0
0,15.0,1,1,1,0,0
0,15.0,1,1,1,0,0
0,15.0,1,0,0,0,0
0,15.0,1,0,0,0,0
0,15.0,1,0,0,0,0
0,15.0,1,0,0,0,0
0,15.0,1,0,0,0,0
0,15.0,1,0,0,0,0
0,15.0,1,0,0,0,0
0,15.0,1,0,0,0,0
0,15.0,1,1,1,0,0
0,15.0,1,1,1,0,0
0,15.0,1,1,1,0,0
0,15.0,1,1,1,0,0
0,15.0,1,1,1,0,0
0,15.0,1,0,0,0,0
0,15.0,1,0,0,0,0
0,15.0,1,0,0,0,0
0,15.0,1,0,0,0,0
0,15.0,1,0,0,0,0
0,15.0,1,0,0,0,0
0,15.0,1,0,0,0,0
0,15.0,1,0,0,0,0
0,15.0,1,0,0,0,0
0,15.0,1,0,0,0,0
0,15.0,1,0,0,0,0
0,15.0,1,0,0,0,0
0,15.0,1,0,0,0,0
0,15.0,1,0,0,0,0
0,15.0,1,0,0,0,0
0,15.0,1,0,0,0,0
0,15.0,1,0,0,0,0
0,15.0,1,0,0,0,0
0,15.0,1,0,0,0,0
0,15.0,1,0,0,0,0
0,15.0,1,0,0,0,0
0,15.0,1,0,0,0,0
0,15.0,1,0,0,0,0
0,15.0,1,0,0,0,0
0,15.0,1,0,0,0,0
0,15.0,1,0,0,0,0
0,15.0,1,0,0,0,0
0,15.0,1,0,0,0,0
0,15.0,1,0,0,0,0
0,15.0,1,0,0,0,0
0,15.0,1,0,0,0,0
0,15.0,1,0,0,0,0
0,15.0,1,0,0,0,0
0,15.0,1,0,0,0,0
0,15.0,1,0,0,0,0
0,15.0,1,0,0,0,0
0,15.0,1,0,0,0,0
0,15.0,1,0,0,0,0
0,15.0,1,1,1,0,0
0,15.0,1,1,1,0,0
0,15.0,1,1,1,0,0
0,15.0,1,0,0,0,0
0,15.0,1,0,0,0,0
0,15.0,1,0,0,0,0
0,15.0,1,0,0,0,0
0,15.0,1,1,1,0,0
0,15.0,1,1,1,0,0
0,15.0,1,0,0,0,0
0,15.0,1,0,0,0,0
0,15.0,1,0,0,0,0
0,15.0,1,0,0,0,0
0,15.0,1,0,0,0,0
0,15.0,1,1,1,0,0
0,15.0,1,1,1,0,0
0,15.0,1,1,1,0,0
0,15.0,1,1,1,0,0
0,15.0,1,1,1,0,0
0,15.0,1,1,1,0,0
0,15.0,1,1,1,0,0
0,15.0,1,1,1,0,0
0,15.0,1,0,0,0,0
0,15.0,1,0,0,0,0
0,15.0,1,0,0,0,0
0,15.0,1,0,0,0,0
0,15.0,1,0,0,0,0
0,15.0,1,0,0,0,0
0,15.0,1,0,0,0,0
0,15.0,1,0,0,0,0
0,15.0,1,0,0,0,0
0,15.0,1,0,0,0,0
0,15.0,1,0,0,0,0
0,15.0,1,0,0,0,0
0,15.0,1,0,0,0,0
0,15.0,1,0,0,0,0
0,15.0,1,0,0,0,0
0,15.0,1,0,0,0,0
0,15.0,1,0,0,0,0
0,15.0,1,0,0,0,0
0,15.0,1,0,0,0,0
0,15.0,1,0,0,0,0
0,15.0,1,0,0,0,0
0,15.0,1,0,0,0,0
0,15.0,1,0,0,0,0
0,15.0,1,0,0,0,0
0,15.0,1,0,0,0,0
0,15.0,1,0,0,0,0
0,15.0,1,0,0,0,0
0,15.0,1,0,0,0,0
0,15.0,1,0,0,0,0
0,15.0,1,0,0,0,0
0,15.0,1,0,0,0,0
0,15.0,2,0,0,0,0
0,15.0,1,0,0,0,0
0,15.0,1,0,0,0,0
0,15.0,1,0,0,0,0
0,15.0,1,0,0,0,0
0,15.0,1,0,0,0,0
0,15.0,1,0,0,0,0
0,15.0,1,0,0,0,0
0,15.0,1,0,0,0,0
0,15.0,1,0,0,0,0
0,15.0,1,0,0,0,0
0,15.0,1,0,0,0,0
0,15.0,1,0,0,0,0
0,15.0,1,0,0,0,0
0,15.0,1,0,0,0,0
0,15.0,1,0,0,0,0
0,15.0,1,0,0,0,0
0,15.0,1,0,0,0,0
0,15.0,1,0,0,0,0
0,15.0,1,0,0,0,0
0,15.0,1,0,0,0,0
0,15.0,1,0,0,0,0
0,15.0,1,0,0,0,0
0,15.0,1,0,0,0,0
0,15.0,1,0,0,0,0
0,15.0,1,0,0,0,0
0,15.0,1,0,0,0,0
0,15.0,1,0,0,0,0
0,15.0,1,0,0,0,0
0,15.0,1,0,0,0,0
0,15.0,1,0,0,0,0
0,15.0,1,0,0,0,0
0,15.0,1,0,0,0,0
0,15.0,1,0,0,0,0
0,15.0,1,0,0,0,0
0,15.0,1,0,0,0,0
0,15.0,1,1,1,0,0
0,15.0,1,1,1,0,0
0,15.0,1,1,1,0,0
0,15.0,1,1,1,0,0
0,15.0,1,0,0,0,0
0,15.0,1,0,0,0,0
0,15.0,1,0,0,0,0
0,15.0,1,0,0,0,0
0,15.0,1,0,0,0,0
0,15.0,1,0,0,0,0
0,15.0,1,0,0,0,0
0,15.0,1,0,0,0,0
0,15.0,1,1,1,0,0
0,15.0,1,1,1,0,0
0,15.0,1,0,0,0,0
0,15.0,1,0,0,0,0
0,15.0,1,0,0,0,0
0,15.0,1,0,0,0,0
0,15.0,1,0,0,0,0
0,15.0,1,0,0,0,0
0,15.0,1,0,0,0,0
0,15.0,1,0,0,0,0
0,15.0,1,0,0,0,0
0,15.0,1,0,0,0,0
0,15.0,1,0,0,0,0
0,15.0,1,0,0,0,0
0,15.0,1,0,0,0,0
0,15.0,1,0,0,0,0
0,15.0,1,0,0,0,0
0,15.0,1,0,0,0,0
0,15.0,1,0,0,0,0
0,15.0,1,0,0,0,0
0,15.0,1,0,0,0,0
0,15.0,1,0,0,0,0
0,15.0,1,0,0,0,0
0,15.0,1,0,0,0,0
0,15.0,1,0,0,0,0
0,15.0,1,0,0,0,0
0,15.0,1,0,0,0,1
0,15.0,1,1,1,0,1
0,15.0,1,0,0,0,1
0,15.0,1,1,1,0,1
1,40.0,1,2,2,0,1
0,15.0,1,3,2,0,1
0,15.0,1,1,1,0,1
0,15.0,1,2,2,0,1
0,15.0,1,3,3,0,1
1,101.0,1,3,3,0,1
2,36.0,1,4,3,0,1
0,15.0,1,5,3,0,1
3,52.0,1,5,3,0,1
0,15.0,1,0,0,0,1
0,15.0,1,1,1,0,1
1,68.0,1,2,2,0,1
0,15.0,1,3,2,0,1
0,15.0,1,4,3,0,1
0,15.0,1,5,4,0,1
1,298.0,1,5,5,0,1
0,15.0,1,4,4,0,1
0,15.0,1,4,4,0,1
1,263.0,1,5,5,0,1
0,15.0,1,4,4,0,1
0,15.0,1,5,5,0,1
0,15.0,1,5,5,0,1
0,15.0,1,6,6,0,1
1,217.0,1,7,7,0,1
1,287.0,1,8,7,0,1
0,15.0,1,0,0,0,1
0,15.0,1,1,1,0,1
0,15.0,1,2,2,0,1
0,15.0,1,3,3,0,1
0,15.0,1,2,2,0,1
0,15.0,1,3,3,0,1
1,77.0,1,4,4,0,1
0,15.0,1,4,3,0,1
1,7.0,1,5,4,0,1
2,48.0,1,6,4,0,1
0,15.0,1,7,4,0,1
0,15.0,1,2,2,0,1
0,15.0,1,3,3,0,1
0,15.0,1,2,2,0,1
1,129.0,1,3,3,0,1
2,4.0,1,4,3,0,1
0,15.0,1,5,3,0,1
0,15.0,1,6,4,0,1
0,15.0,1,6,5,0,1
0,15.0,1,6,5,0,1
1,285.0,1,7,6,0,1
1,273.0,1,4,4,0,1
1,267.0,1,1,1,0,1
0,15.0,1,1,1,0,1
0,15.0,1,2,2,0,1
1,188.0,1,3,3,0,1
0,15.0,1,4,3,0,1
0,15.0,1,5,4,0,1
1,146.0,1,5,5,0,1
0,15.0,1,0,0,0,1
0,15.0,1,1,1,0,1
0,15.0,1,2,2,0,1
0,15.0,1,3,3,0,1
1,187.0,1,4,4,0,1
0,15.0,1,5,4,0,1
1,231.0,1,5,5,0,1
1,263.0,1,1,1,0,1
0,15.0,1,1,1,0,1
0,15.0,1,2,2,0,1
0,15.0,1,3,3,0,1
1,125.0,1,4,4,0,1
1,211.0,1,5,4,0,1
0,15.0,1,6,4,0,1
1,262.0,1,4,4,0,1
0,15.0,1,3,3,0,1
1,82.0,1,4,4,0,1
0,15.0,1,5,4,0,1
0,15.0,1,0,0,0,1
0,15.0,1,1,1,0,1
0,15.0,1,2,2,0,1
0,15.0,1,3,3,0,1
0,15.0,1,4,4,0,1
0,15.0,1,2,2,0,1
0,15.0,1,2,2,0,1
0,15.0,1,2,2,0,1
0,15.0,1,3,3,0,1
0,15.0,1,3,3,0,1
1,206.0,1,1,1,0,1
0,15.0,1,2,1,0,1
0,15.0,1,3,2,0,1
1,65.0,1,3,3,0,1
1,152.0,1,4,3,0,1
2,30.0,1,5,3,0,1
0,15.0,1,5,3,0,1
0,15.0,1,0,0,0,1
0,15.0,1,1,1,0,1
0,15.0,1,2,2,0,1
0,15.0,1,2,2,0,1
1,267.0,1,2,2,0,1
0,15.0,1,2,1,0,1
0,15.0,1,3,2,0,1
0,15.0,1,3,3,0,1
0,15.0,1,0,0,0,1
0,15.0,1,1,1,0,1
0,15.0,2,2,2,0,1
0,15.0,1,2,2,0,1
0,15.0,1,2,2,0,1
1,273.0,1,3,3,0,1
1,186.0,1,4,3,0,1
0,15.0,1,4,3,0,1
0,15.0,1,1,1,0,1
0,15.0,1,2,2,0,1
0,15.0,1,3,3,0,1
0,15.0,1,4,4,0,1
1,27.0,1,4,4,0,1
0,15.0,1,5,4,0,1
1,254.0,1,6,5,0,1
0,15.0,1,3,3,0,1
1,111.0,1,2,2,0,1
0,15.0,1,3,2,0,1
0,15.0,1,3,2,0,1
1,67.0,1,4,3,0,1
2,107.0,1,4,3,0,1
0,15.0,1,3,1,0,1
0,15.0,1,4,2,0,1
1,66.0,1,4,3,0,1
0,15.0,1,4,3,0,1
0,15.0,1,5,4,0,1
1,93.0,1,5,4,0,1
0,15.0,1,5,3,0,1
2,107.0,1,5,4,0,1
0,15.0,1,6,4,0,1
0,15.0,1,6,4,0,1
1,114.0,1,6,5,0,1
0,15.0,1,0,0,0,1
0,15.0,1,1,1,0,1
0,15.0,1,2,2,0,1
1,155.0,1,3,3,0,1
0,15.0,1,4,3,0,1
1,175.0,1,3,3,0,1
2,6.0,1,4,3,0,1
0,15.0,1,5,3,0,1
0,15.0,1,5,3,0,1
1,97.0,1,4,3,0,1
0,15.0,1,5,3,0,1
1,22.0,1,6,4,0,1
2,190.0,1,7,4,0,1
0,15.0,1,0,0,0,1
0,15.0,1,1,1,0,1
1,82.0,1,2,2,0,1
0,15.0,1,3,2,0,1
0,15.0,1,4,3,0,1
0,15.0,1,4,4,0,1
0,15.0,1,4,4,0,1
0,15.0,1,2,2,0,1
0,15.0,1,1,1,0,1
0,15.0,1,1,1,0,1
0,15.0,1,2,2,0,1
0,15.0,1,2,2,0,1
0,15.0,2,2,2,0,1
1,288.0,1,3,3,0,1
0,15.0,1,0,0,0,1
0,15.0,1,1,1,0,1
1,2.0,1,2,2,0,1
0,15.0,1,0,0,0,1
1,87.0,1,1,1,0,1
2,12.0,1,2,1,0,1
0,15.0,1,3,1,0,1
0,15.0,1,4,2,0,1
1,51.0,1,5,3,0,1
0,15.0,1,0,0,0,1
0,15.0,1,1,1,0,1
1,77.0,1,2,2,0,1
0,15.0,1,3,2,0,1
0,15.0,1,4,3,0,1
0,15.0,1,3,3,0,1
1,47.0,1,3,3,0,1
0,15.0,1,2,1,0,1
0,15.0,1,3,2,0,1
0,15.0,1,3,3,0,1
0,15.0,1,0,0,0,1
0,15.0,1,1,1,0,1
0,15.0,1,2,2,0,1
1,176.0,1,3,3,0,1
0,15.0,1,4,3,0,1
1,3.0,1,5,4,0,1
0,15.0,1,0,0,0,1
0,15.0,1,1,1,0,1
0,15.0,1,2,2,0,1
1,67.0,1,3,3,0,1
0,15.0,1,4,3,0,1
1,204.0,1,1,1,0,1
0,15.0,1,2,1,0,1
1,116.0,1,2,2,0,1
0,15.0,1,3,2,0,1
0,15.0,1,4,3,0,1
0,15.0,1,5,4,0,1
0,15.0,1,0,0,0,1
0,15.0,1,1,1,0,1
1,4.0,1,2,2,0,1
0,15.0,1,3,2,0,1
0,15.0,1,4,3,0,1
0,15.0,1,4,3,0,1
1,63.0,1,3,3,0,1
0,15.0,1,1,1,0,1
0,15.0,1,1,1,0,1
0,15.0,1,2,2,0,1
0,15.0,1,3,3,0,1
1,108.0,1,4,4,0,1
0,15.0,1,4,3,0,1
0,15.0,1,3,2,0,1
0,15.0,1,1,1,0,1
0,15.0,1,2,2,0,1
1,38.0,1,3,3,0,1
0,15.0,1,1,1,0,1
0,15.0,1,1,1,0,1
0,15.0,1,2,2,0,1
0,15.0,1,3,3,0,1
1,95.0,1,4,4,0,1
0,15.0,1,5,4,0,1
1,236.0,1,6,5,0,1
0,15.0,1,7,5,0,1
0,15.0,1,0,0,0,1
1,213.0,1,1,1,0,1
0,15.0,2,1,1,0,1
0,15.0,1,0,0,0,1
1,25.0,1,1,1,0,1
0,15.0,1,2,1,0,1
0,15.0,1,3,2,0,1
1,97.0,1,4,3,0,1
0,15.0,1,5,3,0,1
0,15.0,1,6,4,0,1
2,44.0,1,7,5,0,1
0,15.0,1,8,5,0,1
1,155.0,1,9,6,0,1
0,15.0,1,0,0,0,1
0,15.0,1,1,1,0,1
0,15.0,1,2,2,0,1
0,15.0,1,2,2,0,1
0,15.0,1,3,3,0,1
1,139.0,1,3,3,0,1
0,15.0,1,4,3,0,1
0,15.0,1,4,3,0,1
0,15.0,1,5,4,0,1
1,299.0,1,5,5,0,1
0,15.0,1,5,5,0,1
1,203.0,1,4,4,0,1
1,290.0,1,4,3,0,1
0,15.0,1,2,2,0,1
0,15.0,1,3,3,0,1
0,15.0,1,2,2,0,1
0,15.0,1,3,3,0,1
0,15.0,1,2,2,0,1
0,15.0,1,3,3,0,1
1,149.0,1,4,4,0,1
0,15.0,1,5,4,0,1
1,168.0,1,4,4,0,1
0,15.0,1,0,0,0,1
0,15.0,1,1,1,0,1
1,56.0,1,2,2,0,1
0,15.0,1,3,2,0,1
1,58.0,1,4,3,0,1
0,15.0,1,5,3,0,1
0,15.0,1,6,4,0,1
0,15.0,1,5,4,0,1
0,15.0,1,5,4,0,1
0,15.0,2,5,5,0,1
0,15.0,1,3,3,0,1
0,15.0,1,4,4,0,1
1,164.0,1,5,5,0,1
0,15.0,1,5,4,0,1
1,50.0,1,6,5,0,1
0,15.0,1,6,5,0,1
1,273.0,1,3,3,0,1
0,15.0,1,4,3,0,1
1,35.0,1,3,3,0,1
0,15.0,1,3,2,0,1
0,15.0,1,4,3,0,1
0,15.0,1,2,2,0,1
0,15.0,1,3,3,0,1
1,114.0,1,4,4,0,1
0,15.0,1,5,4,0,1
2,55.0,1,6,5,0,1
0,15.0,1,7,5,0,1
1,138.0,2,8,6,0,1
1,54.0,1,8,5,0,1
0,15.0,1,8,5,0,1
1,222.0,1,9,6,0,1
0,15.0,1,7,5,0,1
1,202.0,1,8,6,0,1
0,15.0,1,4,4,0,1
0,15.0,1,5,5,0,1
1,236.0,1,6,6,0,1
0,15.0,1,6,5,0,1
0,15.0,1,5,5,0,1
0,15.0,1,5,5,0,1
1,294.0,1,5,5,0,1
0,15.0,1,3,3,0,1
0,15.0,1,2,2,0,1
1,208.0,1,3,3,0,1
0,15.0,1,2,2,0,1
1,126.0,1,3,3,0,1
0,15.0,1,4,3,0,1
0,15.0,1,3,3,0,1
0,15.0,1,4,4,0,1
1,90.0,1,4,4,0,1
0,15.0,1,4,3,0,1
1,46.0,2,5,4,0,1
0,15.0,1,0,0,0,1
0,15.0,1,1,1,0,1
1,46.0,1,2,2,0,1
0,15.0,1,3,2,0,1
1,188.0,1,4,3,0,1
0,15.0,1,1,1,0,1
0,15.0,1,2,2,0,1
0,15.0,1,3,3,0,1
1,231.0,1,3,3,0,1
2,5.0,1,4,3,0,1
0,15.0,1,2,1,0,1
0,15.0,1,3,2,0,1
0,15.0,1,4,3,0,1
0,15.0,1,3,3,0,1
0,15.0,1,4,4,0,1
1,45.0,1,5,5,0,1
1,134.0,1,4,3,0,1
0,15.0,1,5,3,0,1
0,15.0,1,5,3,0,1
1,169.0,1,5,4,0,1
1,149.0,1,5,4,0,1
0,15.0,1,5,3,0,1
0,15.0,1,6,4,0,1
0,15.0,1,3,3,0,1
0,15.0,1,3,3,0,1
1,35.0,1,3,3,0,1
0,15.0,1,4,3,0,1
0,15.0,1,4,3,0,1
0,15.0,1,5,4,0,1
1,139.0,1,6,5,0,1
0,15.0,1,5,4,0,1
0,15.0,1,2,2,0,1
1,265.0,1,2,2,0,1
0,15.0,1,2,2,0,1
1,171.0,1,3,3,0,1
1,40.0,1,4,3,0,1
0,15.0,1,4,2,0,1
0,15.0,1,5,3,0,1
1,109.0,1,5,4,0,1
0,15.0,1,6,4,0,1
0,15.0,1,6,5,0,1
0,15.0,1,5,4,0,1
0,15.0,1,6,5,0,1
1,193.0,1,4,4,0,1
1,282.0,1,2,2,0,1
0,15.0,1,2,2,0,1
0,15.0,1,2,2,0,1
0,15.0,1,3,3,0,1
0,15.0,1,3,3,0,1
0,15.0,1,3,3,0,1
0,15.0,1,4,4,0,1
1,47.0,2,5,5,0,1
0,15.0,1,6,5,0,1
1,100.0,1,4,3,0,1
0,15.0,1,5,3,0,1
1,280.0,1,6,4,0,1
2,106.0,1,7,4,0,1
1,117.0,1,4,3,0,1
0,15.0,1,4,3,0,1
0,15.0,1,5,4,0,1
0,15.0,1,6,5,0,1
1,142.0,1,4,4,0,1
1,120.0,1,5,4,0,1
2,51.0,1,5,3,0,1
2,161.0,1,4,2,0,1
0,15.0,1,4,2,0,1
1,89.0,1,5,3,0,1
0,15.0,1,0,0,0,1
0,15.0,1,1,1,0,1
0,15.0,1,2,2,0,1
0,15.0,1,3,3,0,1
0,15.0,1,4,4,0,1
1,46.0,1,5,5,0,1
0,15.0,1,0,0,0,1
0,15.0,1,1,1,0,1
0,15.0,1,2,2,0,1
0,15.0,1,3,3,0,1
1,33.0,1,4,4,0,1
1,19.0,2,5,4,0,1
2,46.0,1,6,4,0,1
0,15.0,1,7,4,0,1
1,135.0,1,3,3,0,1
0,15.0,1,2,1,0,1
0,15.0,1,3,2,0,1
0,15.0,1,4,3,0,1
0,15.0,1,3,3,0,1
0,15.0,1,4,4,0,1
0,15.0,1,2,2,0,1
0,15.0,1,3,3,0,1
1,136.0,1,2,2,0,1
0,15.0,1,1,1,0,1
0,15.0,1,2,2,0,1
1,264.0,1,2,2,0,1
0,15.0,1,1,1,0,1
0,15.0,1,2,2,0,1
0,15.0,1,1,1,0,1
0,15.0,1,1,1,0,1
0,15.0,1,2,2,0,1
0,15.0,1,3,3,0,1
1,196.0,1,3,3,0,1
0,15.0,1,3,2,0,1
0,15.0,1,2,2,0,1
0,15.0,1,2,2,0,1
0,15.0,1,3,3,0,1
0,15.0,1,4,4,0,1
1,107.0,1,4,4,0,1
1,201.0,1,5,4,0,1
0,15.0,1,6,4,0,1
0,15.0,1,2,2,0,1
0,15.0,1,2,2,0,1
0,15.0,1,2,2,0,1
1,194.0,1,1,1,0,1
0,15.0,1,2,1,0,1
0,15.0,1,2,2,0,1
0,15.0,1,3,3,0,1
1,170.0,1,4,4,0,1
0,15.0,1,4,3,0,1
0,15.0,1,3,3,0,1
0,15.0,1,4,4,0,1
0,15.0,1,2,2,0,1
0,15.0,1,1,1,0,1
1,294.0,1,2,2,0,1
0,15.0,1,3,2,0,1
0,15.0,1,3,3,0,1
1,76.0,1,4,4,0,1
0,15.0,1,5,4,0,1
0,15.0,1,6,5,0,1
0,15.0,1,4,4,0,1
0,15.0,1,0,0,0,1
0,15.0,1,1,1,0,1
1,100.0,1,2,2,0,1
0,15.0,1,3,2,0,1
0,15.0,2,4,3,0,1
1,85.0,1,5,4,0,1
0,15.0,1,6,4,0,1
0,15.0,1,0,0,0,1
0,15.0,1,1,1,0,1
0,15.0,1,0,0,0,1
0,15.0,1,1,1,0,1
0,15.0,1,2,2,0,1
0,15.0,1,3,3,0,1
0,15.0,1,4,4,0,1
1,8.0,1,5,5,0,1
0,15.0,1,5,4,0,1
0,15.0,1,5,4,0,1
0,15.0,1,2,2,0,1
0,15.0,1,2,2,0,1
1,265.0,1,3,3,0,1
0,15.0,1,3,3,0,1
0,15.0,1,4,4,0,1
1,239.0,1,5,5,0,1
0,15.0,1,4,4,0,1
0,15.0,1,4,4,0,1
0,15.0,1,1,1,0,1
0,15.0,1,1,1,0,1
1,184.0,1,2,2,0,1
1,122.0,1,3,2,0,1
0,15.0,1,0,0,0,1
1,133.0,1,1,1,0,1
0,15.0,1,2,1,0,1
2,120.0,1,3,2,0,1
1,172.0,1,3,2,0,1
0,15.0,1,1,1,0,1
0,15.0,1,1,1,0,1
0,15.0,1,2,2,0,1
1,30.0,1,3,3,0,1
0,15.0,1,4,3,0,1
0,15.0,1,5,4,0,1
1,252.0,1,5,4,0,1
0,15.0,1,5,4,0,1
0,15.0,1,3,3,0,1
0,15.0,1,3,3,0,1
1,170.0,1,4,4,0,1
0,15.0,1,3,2,0,1
0,15.0,1,4,3,0,1
1,287.0,1,4,4,0,1
0,15.0,1,1,1,0,1
0,15.0,1,2,2,0,1
0,15.0,1,1,1,0,1
1,12.0,1,2,2,0,1
0,15.0,1,2,1,0,1
0,15.0,1,1,1,0,1
1,141.0,1,1,1,0,1
1,201.0,1,1,1,0,1
0,15.0,1,2,1,0,1
0,15.0,1,3,2,0,1
0,15.0,1,3,3,0,1
0,15.0,1,1,1,0,1
0,15.0,1,1,1,0,1
1,186.0,1,2,2,0,1
1,143.0,1,2,2,0,1
0,15.0,1,3,2,0,1
0,15.0,1,3,2,0,1
0,15.0,1,3,3,0,1
0,15.0,1,4,4,0,1
1,300.0,1,5,5,0,1
0,15.0,1,3,3,0,1
1,280.0,1,4,4,0,1
0,15.0,1,5,4,0,1
0,15.0,1,6,5,0,1
0,15.0,1,5,5,0,1
1,111.0,1,5,5,0,1
1,250.0,1,5,4,0,1
0,15.0,1,3,2,0,1
0,15.0,1,4,3,0,1
0,15.0,1,4,4,0,1
0,15.0,1,5,5,0,1
1,241.0,1,6,6,0,1
0,15.0,1,4,4,0,1
0,15.0,1,0,0,0,1
1,135.0,1,1,1,0,1
0,15.0,1,2,1,0,1
0,15.0,1,3,2,0,1
1,248.0,1,3,3,0,1
0,15.0,1,3,3,0,1
0,15.0,1,2,2,0,1
0,15.0,1,2,2,0,1
1,192.0,1,2,2,0,1
0,15.0,1,2,1,0,1
0,15.0,1,2,2,0,1
0,15.0,1,3,3,0,1
1,120.0,1,4,4,0,1
0,15.0,1,4,3,0,1
0,15.0,1,1,1,0,1
0,15.0,2,1,1,0,1
1,16.0,1,2,2,0,1
0,15.0,1,3,2,0,1
0,15.0,1,2,2,0,1
0,15.0,1,2,2,0,1
0,15.0,1,3,3,0,1
0,15.0,1,3,3,0,1
0,15.0,1,3,3,0,1
0,15.0,1,1,1,0,1
0,15.0,1,2,2,0,1
0,15.0,1,3,3,0,1
1,166.0,1,4,4,0,1
0,15.0,1,4,3,0,1
0,15.0,1,1,1,0,1
0,15.0,1,1,1,0,1
0,15.0,1,1,1,0,1
0,15.0,1,2,2,0,1
0,15.0,1,3,3,0,1
1,299.0,1,4,4,0,1
1,254.0,1,4,4,0,1
0,15.0,1,5,4,0,1
1,276.0,1,1,1,0,1
0,15.0,1,1,1,0,1
0,15.0,1,2,2,0,1
0,15.0,1,2,2,0,1
0,15.0,1,3,3,0,1
1,286.0,1,3,3,0,1
0,15.0,1,3,3,0,1
1,123.0,1,4,4,0,1
1,256.0,1,3,2,0,1
0,15.0,1,2,2,0,1
0,15.0,1,3,3,0,1
1,23.0,1,3,3,0,1
1,163.0,1,4,3,0,1
0,15.0,1,5,3,0,1
0,15.0,1,4,3,0,1
1,166.0,1,5,4,0,1
0,15.0,1,3,2,0,1
1,37.0,1,4,3,0,1
0,15.0,1,4,3,0,1
1,129.0,1,5,4,0,1
0,15.0,1,3,2,0,1
1,277.0,1,4,3,0,1
0,15.0,1,2,2,0,1
0,15.0,1,1,1,0,1
0,15.0,1,1,1,0,1
0,15.0,1,2,2,0,1
1,157.0,1,2,2,0,1
0,15.0,1,3,2,0,1
0,15.0,1,4,3,0,1
0,15.0,1,5,4,0,1
1,88.0,1,6,5,0,1
0,15.0,1,7,5,0,1
0,15.0,1,7,6,0,1
1,217.0,1,8,7,0,1
1,99.0,1,8,6,0,1
0,15.0,1,7,5,0,1
1,35.0,1,8,6,0,1
1,252.0,1,7,5,0,1
0,15.0,1,5,4,0,1
0,15.0,1,4,3,0,1
1,202.0,1,5,4,0,1
1,108.0,1,4,3,0,1
0,15.0,1,5,3,0,1
1,102.0,1,5,4,0,1
0,15.0,1,5,3,0,1
0,15.0,1,6,4,0,1
0,15.0,1,6,5,0,1
0,15.0,1,3,3,0,1
0,15.0,1,4,4,0,1
0,15.0,1,4,4,0,1
0,15.0,1,3,3,0,1
0,15.0,1,4,4,0,1
0,15.0,1,5,5,0,1
0,15.0,1,6,6,0,1
0,15.0,1,7,7,0,1
0,15.0,1,7,7,0,1
0,15.0,1,8,8,0,1
0,15.0,1,0,0,0,1
0,15.0,1,1,1,0,1
0,15.0,1,1,1,0,1
0,15.0,1,2,2,0,1
0,15.0,1,2,2,0,1
0,15.0,1,3,3,0,1
0,15.0,1,4,4,0,1
0,15.0,1,5,5,0,1
0,15.0,1,5,5,0,1
0,15.0,1,5,5,0,1
0,15.0,1,4,4,0,1
0,15.0,1,4,4,0,1
0,15.0,1,2,2,0,1
0,15.0,1,3,3,0,1
0,15.0,1,4,4,0,1
0,15.0,1,5,5,0,1
0,15.0,1,0,0,0,1
0,15.0,1,1,1,0,1
0,15.0,1,2,2,0,1
0,15.0,1,3,3,0,1
0,15.0,1,4,4,0,1
0,15.0,1,4,4,0,1
0,15.0,1,2,2,0,1
0,15.0,1,2,2,0,1
0,15.0,1,3,3,0,1
0,15.0,1,3,3,0,1
0,15.0,1,2,2,0,1
0,15.0,1,1,1,0,1
0,15.0,1,1,1,0,1
0,15.0,1,1,1,0,1
0,15.0,1,1,1,0,1
0,15.0,1,2,2,0,1
0,15.0,1,3,3,0,1
0,15.0,1,3,3,0,1
0,15.0,1,3,3,0,1
0,15.0,1,4,4,0,1
0,15.0,1,5,5,0,1
0,15.0,1,6,6,0,1
0,15.0,1,5,5,0,1
0,15.0,1,4,4,0,1
0,15.0,1,2,2,0,1
0,15.0,1,3,3,0,1
0,15.0,1,4,4,0,1
0,15.0,1,2,2,0,1
0,15.0,1,2,2,0,1
0,15.0,1,3,3,0,1
0,15.0,1,3,3,0,1
0,15.0,1,4,4,0,1
0,15.0,1,5,5,0,1
0,15.0,1,3,3,0,1
0,15.0,1,4,4,0,1
0,15.0,1,4,4,0,1
0,15.0,1,4,4,0,1
0,15.0,1,4,4,0,1
0,15.0,1,5,5,0,1
0,15.0,1,5,5,0,1
0,15.0,1,5,5,0,1
0,15.0,1,4,4,0,1
0,15.0,1,2,2,0,1
0,15.0,1,3,3,0,1
0,15.0,1,3,3,0,1
0,15.0,1,3,3,0,1
0,15.0,1,1,1,0,1
0,15.0,1,2,2,0,1
0,15.0,1,3,3,0,1
0,15.0,1,4,4,0,1
0,15.0,1,4,4,0,1
0,15.0,1,2,2,0,1
0,15.0,1,1,1,0,1
0,15.0,1,2,2,0,1
0,15.0,1,2,2,0,1
0,15.0,1,3,3,0,1
0,15.0,1,4,4,0,1
0,15.0,1,5,5,0,1
0,15.0,1,5,5,0,1
0,15.0,1,5,5,0,1
0,15.0,1,6,6,0,1
0,15.0,2,7,7,0,1
0,15.0,1,8,8,0,1
0,15.0,1,9,9,0,1
0,15.0,1,10,10,0,1
0,15.0,2,4,4,0,1
0,15.0,1,4,4,0,1
0,15.0,1,3,3,0,1
0,15.0,1,3,3,0,1
0,15.0,1,4,4,0,1
0,15.0,1,5,5,0,1
0,15.0,1,1,1,0,1
0,15.0,1,1,1,0,1
0,15.0,1,2,2,0,1
0,15.0,1,3,3,0,1
0,15.0,1,2,2,0,1
0,15.0,1,1,1,0,1
0,15.0,1,1,1,0,1
0,15.0,1,1,1,0,1
0,15.0,1,2,2,0,1
0,15.0,1,1,1,0,1
0,15.0,1,1,1,0,1
0,15.0,1,2,2,0,1
0,15.0,1,3,3,0,1
0,15.0,1,3,3,0,1
0,15.0,1,4,4,0,1
0,15.0,1,4,4,0,1
0,15.0,1,3,3,0,1
0,15.0,1,2,2,0,1
0,15.0,1,2,2,0,1
0,15.0,1,2,2,0,1
0,15.0,1,3,3,0,1
0,15.0,1,4,4,0,1
0,15.0,1,4,4,0,1
0,15.0,1,5,5,0,1
0,15.0,1,5,5,0,1
0,15.0,1,2,2,0,1
0,15.0,1,1,1,0,1
0,15.0,1,1,1,0,1
0,15.0,1,2,2,0,1
0,15.0,1,1,1,0,1
0,15.0,1,1,1,0,1
0,15.0,1,2,2,0,1
0,15.0,1,3,3,0,1
0,15.0,1,4,4,0,1
0,15.0,1,4,4,0,1
0,15.0,1,3,3,0,1
0,15.0,1,3,3,0,1
0,15.0,1,4,4,0,1
0,15.0,1,3,3,0,1
0,15.0,1,4,4,0,1
0,15.0,1,2,2,0,1
0,15.0,1,1,1,0,1
0,15.0,1,2,2,0,1
0,15.0,1,3,3,0,1
0,15.0,1,2,2,0,1
0,15.0,1,1,1,0,1
0,15.0,1,1,1,0,1
0,15.0,1,2,2,0,1
0,15.0,1,2,2,0,1
0,15.0,1,3,3,0,1
0,15.0,1,2,2,0,1
0,15.0,1,1,1,0,1
0,15.0,1,2,2,0,1
0,15.0,1,2,2,0,1
0,15.0,1,3,3,0,1
0,15.0,1,3,3,0,1
0,15.0,1,3,3,0,1
0,15.0,1,4,4,0,1
0,15.0,1,2,2,0,1
0,15.0,1,1,1,0,1
0,15.0,1,2,2,0,1
0,15.0,1,3,3,0,1
0,15.0,1,3,3,0,1
0,15.0,1,4,4,0,1
0,15.0,1,4,4,0,1
0,15.0,1,4,4,0,1
0,15.0,1,3,3,0,1
0,15.0,1,4,4,0,1
0,15.0,1,4,4,0,1
0,15.0,1,4,4,0,1
0,15.0,1,4,4,0,1
0,15.0,1,3,3,0,1
0,15.0,1,3,3,0,1
0,15.0,1,3,3,0,1
0,15.0,1,4,4,0,1
0,15.0,1,0,0,0,1
0,15.0,1,1,1,0,1
0,15.0,1,2,2,0,1
0,15.0,1,3,3,0,1
0,15.0,1,2,2,0,1
0,15.0,1,3,3,0,1
0,15.0,1,4,4,0,1
0,15.0,1,3,3,0,1
0,15.0,1,3,3,0,1
0,15.0,1,2,2,0,1
0,15.0,1,2,2,0,1
0,15.0,1,2,2,0,1
0,15.0,1,3,3,0,1
0,15.0,1,2,2,0,1
0,15.0,1,3,3,0,1
0,15.0,1,4,4,0,1
0,15.0,1,5,5,0,1
0,15.0,1,2,2,0,1
0,15.0,1,1,1,0,1
0,15.0,1,2,2,0,1
0,15.0,1,3,3,0,1
0,15.0,1,4,4,0,1
0,15.0,1,5,5,0,1
0,15.0,1,3,3,0,1
0,15.0,1,4,4,0,1
0,15.0,1,4,4,0,1
0,15.0,1,3,3,0,1
0,15.0,1,2,2,0,1
0,15.0,1,2,2,0,1
0,15.0,1,3,3,0,1
0,15.0,1,4,4,0,1
0,15.0,1,0,0,0,1
0,15.0,1,1,1,0,1
0,15.0,2,2,2,0,1
0,15.0,1,1,1,0,1
0,15.0,1,2,2,0,1
0,15.0,1,2,2,0,1
0,15.0,1,3,3,0,1
0,15.0,1,4,4,0,1
0,15.0,1,5,5,0,1
0,15.0,1,6,6,0,1
0,15.0,1,5,5,0,1
0,15.0,1,6,6,0,1
0,15.0,1,4,4,0,1
0,15.0,1,5,5,0,1
0,15.0,1,5,5,0,1
0,15.0,1,5,5,0,1
0,15.0,1,6,6,0,1
0,15.0,1,5,5,0,1
0,15.0,1,5,5,0,1
0,15.0,1,6,6,0,1
0,15.0,1,3,3,0,1
0,15.0,1,3,3,0,1
0,15.0,1,2,2,0,1
0,15.0,1,2,2,0,1
0,15.0,1,2,2,0,1
0,15.0,1,2,2,0,1
0,15.0,1,3,3,0,1
0,15.0,1,3,3,0,1
0,15.0,1,4,4,0,1
0,15.0,1,4,4,0,1
0,15.0,1,5,5,0,1
0,15.0,1,4,4,0,1
0,15.0,1,4,4,0,1
0,15.0,1,5,5,0,1
0,15.0,1,5,5,0,1
0,15.0,1,6,6,0,1
0,15.0,1,7,7,0,1
0,15.0,1,1,1,0,1
0,15.0,1,1,1,0,1
0,15.0,1,2,2,0,1
0,15.0,1,3,3,0,1
0,15.0,1,4,4,0,1
0,15.0,1,5,5,0,1
0,15.0,1,4,4,0,1
0,15.0,1,4,4,0,1
0,15.0,1,4,4,0,1
0,15.0,1,5,5,0,1
0,15.0,1,5,5,0,1
0,15.0,1,5,5,0,1
0,15.0,1,6,6,0,1
0,15.0,1,6,6,0,1
0,15.0,1,3,3,0,1
0,15.0,1,4,4,0,1
0,15.0,1,3,3,0,1
0,15.0,1,3,3,0,1
0,15.0,1,4,4,0,1
0,15.0,1,1,1,0,1
0,15.0,1,1,1,0,1
0,15.0,1,1,1,0,1
0,15.0,1,1,1,0,1
0,15.0,1,2,2,0,1
0,15.0,1,3,3,0,1
0,15.0,1,4,4,0,1
0,15.0,1,5,5,0,1
0,15.0,1,5,5,0,1
0,15.0,1,6,6,0,1
0,15.0,1,4,4,0,1
0,15.0,1,4,4,0,1
0,15.0,1,4,4,0,1
0,15.0,1,4,4,0,1
0,15.0,1,4,4,0,1
0,15.0,1,5,5,0,1
0,15.0,1,6,6,0,1
0,15.0,1,7,7,0,1
0,15.0,1,6,6,0,1
0,15.0,1,5,5,0,1
0,15.0,1,5,5,0,1
0,15.0,1,4,4,0,1
0,15.0,1,4,4,0,1
0,15.0,1,5,5,0,1
0,15.0,1,5,5,0,1
0,15.0,1,6,6,0,1
0,15.0,1,5,5,0,1
0,15.0,1,6,6,0,1
0,15.0,1,7,7,0,1
0,15.0,1,8,8,0,1
0,15.0,1,8,8,0,1
0,15.0,2,9,9,0,1
0,15.0,1,6,6,0,1
0,15.0,1,7,7,0,1
0,15.0,1,8,8,0,1
0,15.0,1,2,2,0,1
0,15.0,1,0,0,0,1
0,15.0,1,1,1,0,1
0,15.0,1,2,2,0,1
0,15.0,1,1,1,0,1
0,15.0,1,2,2,0,1
0,15.0,1,3,3,0,1
0,15.0,1,3,3,0,1
0,15.0,1,1,1,0,1
0,15.0,1,2,2,0,1
0,15.0,1,2,2,0,1
0,15.0,1,3,3,0,1
0,15.0,1,4,4,0,1
0,15.0,1,4,4,0,1
0,15.0,1,2,2,0,1
0,15.0,1,3,3,0,1
0,15.0,1,4,4,0,1
0,15.0,1,0,0,0,1
0,15.0,1,1,1,0,1
0,15.0,1,2,2,0,1
0,15.0,1,1,1,0,1
0,15.0,1,1,1,0,1
0,15.0,1,2,2,0,1
0,15.0,1,3,3,0,1
0,15.0,1,3,3,0,1
0,15.0,1,4,4,0,1
0,15.0,1,4,4,0,1
0,15.0,1,5,5,0,1
0,15.0,1,5,5,0,1
0,15.0,1,6,6,0,1
0,15.0,1,6,6,0,1
0,15.0,1,4,4,0,1
0,15.0,1,2,2,0,1
0,15.0,1,2,2,0,1
0,15.0,1,3,3,0,1
0,15.0,1,3,3,0,1
0,15.0,1,1,1,0,1
0,15.0,1,1,1,0,1
0,15.0,1,2,2,0,1
0,15.0,1,3,3,0,1
0,15.0,1,4,4,0,1
0,15.0,1,2,2,0,1
0,15.0,1,1,1,0,1
0,15.0,1,2,2,0,1
0,15.0,1,3,3,0,1
0,15.0,1,4,4,0,1
0,15.0,1,1,1,0,1
0,15.0,1,1,1,0,1
0,15.0,1,1,1,0,1
0,15.0,1,0,0,0,1
0,15.0,1,1,1,0,1
0,15.0,1,2,2,0,1
0,15.0,1,2,2,0,1
0,15.0,1,2,2,0,1
0,15.0,1,3,3,0,1
0,15.0,1,3,3,0,1
0,15.0,1,4,4,0,1
0,15.0,1,2,2,0,1
0,15.0,1,2,2,0,1
0,15.0,1,3,3,0,1
0,15.0,1,3,3,0,1
0,15.0,1,4,4,0,1
0,15.0,1,5,5,0,1
0,15.0,1,3,3,0,1
0,15.0,1,2,2,0,1
0,15.0,1,3,3,0,1
0,15.0,1,3,3,0,1
0,15.0,1,3,3,0,1
0,15.0,1,2,2,0,1
0,15.0,1,2,2,0,1
0,15.0,1,2,2,0,1
0,15.0,1,2,2,0,1
0,15.0,1,1,1,0,1
0,15.0,1,2,2,0,1
0,15.0,1,2,2,0,1
0,15.0,1,3,3,0,1
0,15.0,1,2,2,0,1
0,15.0,1,3,3,0,1
0,15.0,1,4,4,0,1
0,15.0,1,4,4,0,1
0,15.0,1,4,4,0,1
0,15.0,1,5,5,0,1
0,15.0,1,3,3,0,1
0,15.0,1,3,3,0,1
0,15.0,1,2,2,0,1
0,15.0,1,3,3,0,1
0,15.0,1,2,2,0,1
0,15.0,1,3,3,0,1
0,15.0,1,2,2,0,1
0,15.0,1,2,2,0,1
0,15.0,1,2,2,0,1
0,15.0,1,1,1,0,1
0,15.0,1,2,2,0,1
0,15.0,1,3,3,0,1
0,15.0,1,3,3,0,1
0,15.0,1,4,4,0,1
0,15.0,1,3,3,0,1
0,15.0,1,3,3,0,1
0,15.0,1,4,4,0,1
0,15.0,1,3,3,0,1
0,15.0,1,4,4,0,1
0,15.0,1,2,2,0,1
0,15.0,1,3,3,0,1
0,15.0,1,2,2,0,1
0,15.0,1,3,3,0,1
0,15.0,1,2,2,0,1
0,15.0,1,2,2,0,1
0,15.0,1,3,3,0,1
0,15.0,1,1,1,0,1
0,15.0,1,2,2,0,1
0,15.0,1,2,2,0,1
0,15.0,1,3,3,0,1
0,15.0,1,4,4,0,1
0,15.0,1,4,4,0,1
0,15.0,1,4,4,0,1
0,15.0,1,5,5,0,1
0,15.0,1,5,5,0,1
0,15.0,1,4,4,0,1
0,15.0,1,5,5,0,1
0,15.0,1,4,4,0,1
0,15.0,1,5,5,0,1
0,15.0,1,6,6,0,1
0,15.0,1,5,5,0,1
0,15.0,1,6,6,0,1
0,15.0,1,5,5,0,1
0,15.0,1,3,3,0,1
0,15.0,1,0,0,0,1
0,15.0,1,1,1,0,1
0,15.0,1,2,2,0,1
0,15.0,1,3,3,0,1
0,15.0,1,4,4,0,1
0,15.0,1,4,4,0,1
0,15.0,1,5,5,0,1
0,15.0,1,3,3,0,1
0,15.0,1,4,4,0,1
0,15.0,1,4,4,0,1
0,15.0,1,4,4,0,1
0,15.0,1,5,5,0,1
0,15.0,1,5,5,0,1
0,15.0,1,6,6,0,1
0,15.0,1,7,7,0,1
0,15.0,1,8,8,0,1
0,15.0,1,6,6,0,1
0,15.0,1,0,0,0,1
0,15.0,1,1,1,0,1
0,15.0,1,2,2,0,1
0,15.0,1,3,3,0,1
0,15.0,1,4,4,0,1
0,15.0,1,5,5,0,1
0,15.0,1,6,6,0,1
0,15.0,1,6,6,0,1
0,15.0,1,5,5,0,1
0,15.0,1,6,6,0,1
0,15.0,1,5,5,0,1
0,15.0,1,4,4,0,1
0,15.0,1,4,4,0,1
0,15.0,1,5,5,0,1
0,15.0,1,6,6,0,1
0,15.0,1,3,3,0,1
0,15.0,1,4,4,0,1
0,15.0,1,2,2,0,1
0,15.0,1,2,2,0,1
0,15.0,1,2,2,0,1
0,15.0,1,3,3,0,1
0,15.0,1,3,3,0,1
0,15.0,1,4,4,0,1
0,15.0,1,0,0,0,1
0,15.0,1,1,1,0,1
0,15.0,1,2,2,0,1
0,15.0,1,3,3,0,1
0,15.0,1,4,4,0,1
0,15.0,1,5,5,0,1
0,15.0,1,5,5,0,1
0,15.0,1,5,5,0,1
0,15.0,2,5,5,0,1
0,15.0,1,3,3,0,1
0,15.0,1,4,4,0,1
0,15.0,1,4,4,0,1
0,15.0,1,5,5,0,1
0,15.0,1,6,6,0,1
0,15.0,1,7,7,0,1
0,15.0,1,7,7,0,1
0,15.0,1,7,7,0,1
0,15.0,1,8,8,0,1
0,15.0,1,9,9,0,1
0,15.0,1,10,10,0,1
0,15.0,1,11,11,0,1
0,15.0,1,5,5,0,1
0,15.0,1,1,1,0,1
0,15.0,1,2,2,0,1
0,15.0,1,2,2,0,1
0,15.0,1,3,3,0,1
0,15.0,1,3,3,0,1
0,15.0,1,3,3,0,1
0,15.0,1,4,4,0,1
0,15.0,1,5,5,0,1
0,15.0,1,6,6,0,1
0,15.0,1,7,7,0,1
0,15.0,1,5,5,0,1
0,15.0,1,3,3,0,1
0,15.0,1,2,2,0,1
0,15.0,1,3,3,0,1
0,15.0,1,1,1,0,1
0,15.0,1,2,2,0,1
0,15.0,1,3,3,0,1
0,15.0,1,2,2,0,1
0,15.0,1,1,1,0,1
0,15.0,1,2,2,0,1
0,15.0,1,3,3,0,1
0,15.0,1,3,3,0,1
0,15.0,1,2,2,0,1
0,15.0,1,3,3,0,1
0,15.0,1,4,4,0,1
0,15.0,1,5,5,0,1
0,15.0,1,6,6,0,1
0,15.0,1,6,6,0,1
0,15.0,1,7,7,0,1
0,15.0,1,6,6,0,1
0,15.0,1,7,7,0,1
0,15.0,1,8,8,0,1
0,15.0,1,4,4,0,1
0,15.0,1,4,4,0,1
0,15.0,1,2,2,0,1
0,15.0,1,2,2,0,1
0,15.0,1,2,2,0,1
0,15.0,1,3,3,0,1
0,15.0,1,4,4,0,1
0,15.0,1,5,5,0,1
0,15.0,1,6,6,0,1
0,15.0,1,6,6,0,1
0,15.0,1,5,5,0,1
0,15.0,1,6,6,0,1
0,15.0,1,3,3,0,1
0,15.0,1,1,1,0,1
0,15.0,1,1,1,0,1
0,15.0,1,2,2,0,1
0,15.0,1,3,3,0,1
0,15.0,1,4,4,0,1
0,15.0,1,4,4,0,1
0,15.0,1,5,5,0,1
0,15.0,1,6,6,0,1
0,15.0,1,7,7,0,1
0,15.0,1,6,6,0,1
0,15.0,1,4,4,0,1
0,15.0,1,5,5,0,1
0,15.0,1,5,5,0,1
0,15.0,1,6,6,0,1
0,15.0,1,7,7,0,1
0,15.0,1,3,3,0,1
0,15.0,1,4,4,0,1
0,15.0,1,3,3,0,1
0,15.0,1,3,3,0,1
0,15.0,1,4,4,0,1
0,15.0,1,5,5,0,1
0,15.0,1,6,6,0,1
0,15.0,1,6,6,0,1
0,15.0,1,7,7,0,1
0,15.0,1,7,7,0,1
0,15.0,1,8,8,0,1
0,15.0,1,8,8,0,1
0,15.0,1,9,9,0,1
0,15.0,1,10,10,0,1
0,15.0,1,9,9,0,1
0,15.0,1,8,8,0,1
0,15.0,2,9,9,0,1
0,15.0,1,9,9,0,1
0,15.0,1,3,3,0,1
0,15.0,1,1,1,0,1
0,15.0,1,2,2,0,1
0,15.0,1,3,3,0,1
0,15.0,1,3,3,0,1
0,15.0,1,4,4,0,1
0,15.0,1,5,5,0,1
0,15.0,1,6,6,0,1
0,15.0,1,0,0,0,1
0,15.0,1,1,1,0,1
0,15.0,1,2,2,0,1
0,15.0,1,3,3,0,1
0,15.0,1,4,4,0,1
0,15.0,1,4,4,0,1
0,15.0,1,5,5,0,1
0,15.0,1,6,6,0,1
0,15.0,1,7,7,0,1
0,15.0,1,0,0,0,1
0,15.0,1,1,1,0,1
0,15.0,1,2,2,0,1
0,15.0,1,3,3,0,1
0,15.0,1,4,4,0,1
0,15.0,1,5,5,0,1
0,15.0,1,1,1,0,1
0,15.0,1,1,1,0,1
0,15.0,1,1,1,0,1
0,15.0,1,2,2,0,1
0,15.0,1,1,1,0,1
0,15.0,1,1,1,0,1
0,15.0,1,2,2,0,1
0,15.0,1,3,3,0,1
0,15.0,1,3,3,0,1
0,15.0,1,4,4,0,1
0,15.0,1,4,4,0,1
0,15.0,1,1,1,0,1
0,15.0,1,2,2,0,1
0,15.0,1,2,2,0,1
0,15.0,1,0,0,0,1
0,15.0,1,1,1,0,1
0,15.0,1,2,2,0,1
0,15.0,1,3,3,0,1
0,15.0,1,3,3,0,1
1,85.0,1,1,1,1,1
0,15.0,1,2,1,1,1
1,16.0,2,3,2,1,1
2,67.0,2,4,2,1,1
0,15.0,1,3,2,1,1
0,15.0,1,0,0,0,1
0,15.0,1,1,1,0,1
0,15.0,1,2,2,0,1
1,137.0,2,3,3,1,1
2,14.0,2,4,3,1,1
1,249.0,2,5,3,1,1
1,71.0,1,4,2,1,1
2,17.0,2,5,2,1,1
2,230.0,2,5,2,1,1
3,116.0,1,6,2,1,1
3,26.0,2,7,2,1,1
2,88.0,2,5,2,0,1
1,189.0,2,4,2,1,1
2,54.0,2,5,2,1,1
0,15.0,1,6,2,0,1
3,175.0,1,7,3,0,1
1,31.0,2,6,3,1,1
0,15.0,1,3,2,0,1
0,15.0,1,1,1,1,1
1,188.0,1,2,2,1,1
0,15.0,2,3,2,1,1
1,190.0,1,3,3,0,1
2,26.0,2,4,3,1,1
0,15.0,1,1,1,1,1
0,15.0,1,1,1,0,1
0,15.0,1,2,2,1,1
1,248.0,2,3,3,0,1
1,107.0,3,3,3,1,1
0,15.0,1,1,1,1,1
1,49.0,1,2,2,1,1
0,15.0,1,2,1,1,1
0,15.0,1,3,2,1,1
1,267.0,1,3,3,1,1
1,138.0,1,2,2,0,1
1,271.0,1,1,1,1,1
1,43.0,1,1,1,1,1
0,15.0,2,2,1,1,1
2,42.0,1,3,2,1,1
3,160.0,1,4,2,0,1
0,15.0,1,1,1,1,1
0,15.0,1,2,2,1,1
0,15.0,2,2,2,0,1
1,58.0,1,3,3,1,1
2,24.0,1,4,3,0,1
3,5.0,1,4,2,0,1
4,81.0,2,5,2,0,1
5,32.0,2,6,2,1,1
0,15.0,2,6,1,1,1
5,132.0,1,6,2,1,1
1,114.0,1,4,2,1,1
2,23.0,1,5,2,1,1
1,224.0,1,4,2,0,1
2,21.0,2,5,2,0,1
0,15.0,2,5,2,1,1
2,125.0,2,5,3,1,1
1,165.0,2,4,2,1,1
2,25.0,1,5,2,1,1
0,15.0,1,2,1,1,1
2,253.0,1,3,2,1,1
0,15.0,2,3,2,1,1
1,158.0,1,3,3,1,1
1,153.0,3,4,3,0,1
0,15.0,1,0,0,1,1
0,15.0,1,1,1,1,1
1,79.0,2,2,2,1,1
1,277.0,1,3,2,1,1
0,15.0,2,3,2,1,1
1,157.0,2,3,3,1,1
1,270.0,3,4,3,1,1
0,15.0,2,2,2,0,1
1,251.0,1,3,3,0,1
1,133.0,1,2,2,1,1
1,150.0,1,3,2,1,1
0,15.0,1,0,0,1,1
0,15.0,1,1,1,1,1
1,149.0,2,2,2,1,1
2,57.0,1,3,2,1,1
0,15.0,2,2,1,1,1
1,99.0,1,1,1,1,1
2,41.0,1,2,1,1,1
0,15.0,2,3,1,1,1
1,40.0,1,4,2,1,1
2,77.0,2,5,2,1,1
3,13.0,1,6,2,1,1
0,15.0,2,6,2,1,1
1,1.0,2,7,3,1,1
4,41.0,2,8,3,1,1
2,31.0,2,9,3,1,1
3,8.0,2,10,3,1,1
0,15.0,2,7,2,1,1
1,278.0,3,6,3,1,1
1,300.0,1,3,3,1,1
1,10.0,1,3,3,1,1
2,45.0,1,4,3,0,1
1,163.0,2,5,3,1,1
2,85.0,2,6,3,1,1
3,21.0,2,7,3,1,1
0,15.0,1,3,1,0,1
0,15.0,2,3,2,1,1
1,81.0,1,2,2,0,1
1,237.0,2,3,2,1,1
0,15.0,1,0,0,1,1
1,112.0,1,1,1,1,1
2,3.0,1,2,1,1,1
0,15.0,1,0,0,1,1
0,15.0,1,1,1,1,1
1,14.0,1,2,2,1,1
1,116.0,1,3,2,1,1
2,53.0,2,4,2,1,1
2,99.0,2,5,2,1,1
3,39.0,2,6,2,1,1
4,34.0,2,7,2,1,1
0,15.0,1,0,0,1,1
1,46.0,1,1,1,1,1
2,65.0,1,2,1,1,1
0,15.0,1,2,1,1,1
2,200.0,1,3,2,1,1
1,27.0,2,4,2,1,1
0,15.0,2,5,2,1,1
2,35.0,1,5,3,1,1
1,158.0,2,5,3,1,1
3,123.0,1,6,3,1,1
0,15.0,2,3,2,1,1
1,262.0,1,3,3,1,1
1,79.0,1,2,2,1,1
1,193.0,1,3,2,1,1
1,231.0,1,2,2,0,1
1,293.0,2,3,2,1,1
1,23.0,1,3,2,1,1
1,98.0,1,3,2,1,1
1,280.0,1,2,2,1,1
0,15.0,1,0,0,1,1
0,15.0,2,1,1,1,1
0,15.0,1,0,0,1,1
0,15.0,1,1,1,1,1
1,111.0,1,2,2,1,1
0,15.0,2,3,2,0,1
1,202.0,1,3,3,1,1
2,19.0,2,4,3,0,1
3,21.0,1,5,3,1,1
4,7.0,1,6,3,0,1
0,15.0,2,6,2,0,1
1,163.0,2,5,2,1,1
2,38.0,2,6,2,1,1
0,15.0,2,3,1,1,1
2,116.0,2,3,2,1,1
1,35.0,1,4,2,1,1
2,54.0,1,5,2,1,1
0,15.0,2,4,2,1,1
1,32.0,3,5,3,0,1
3,196.0,1,6,3,1,1
3,36.0,2,6,3,1,1
2,135.0,1,4,2,1,1
3,42.0,1,5,2,1,1
0,15.0,2,5,2,0,1
2,168.0,1,3,2,1,1
0,15.0,1,2,2,1,1
1,94.0,1,2,2,1,1
0,15.0,1,2,1,1,1
0,15.0,2,1,1,1,1
1,19.0,1,2,2,1,1
0,15.0,1,2,1,1,1
2,186.0,1,3,2,0,1
0,15.0,2,3,2,1,1
1,212.0,2,3,3,1,1
1,119.0,2,2,2,1,1
1,245.0,1,3,2,1,1
1,205.0,2,2,2,1,1
2,13.0,1,3,2,1,1
1,206.0,1,4,2,1,1
0,15.0,3,5,2,1,1
2,29.0,2,6,3,1,1
1,27.0,2,7,3,1,1
2,242.0,2,6,3,1,1
1,158.0,1,1,1,1,1
0,15.0,1,2,1,0,1
1,175.0,2,2,2,1,1
0,15.0,1,0,0,1,1
1,5.0,1,1,1,1,1
2,17.0,1,2,1,1,1
0,15.0,2,3,1,1,1
1,7.0,2,4,2,1,1
2,283.0,2,4,2,1,1
0,15.0,1,3,2,1,1
1,8.0,1,4,3,1,1
0,15.0,1,2,1,1,1
1,250.0,1,1,1,1,1
2,17.0,1,2,1,1,1
0,15.0,1,2,1,1,1
2,239.0,2,3,2,1,1
1,188.0,2,4,2,0,1
0,15.0,2,3,2,1,1
2,107.0,2,4,3,1,1
2,63.0,1,4,3,1,1
3,23.0,1,5,3,1,1
1,130.0,2,6,3,1,1
1,269.0,2,7,3,1,1
1,134.0,2,6,3,0,1
2,35.0,1,6,3,1,1
3,53.0,2,6,3,1,1
0,15.0,2,3,1,0,1
0,15.0,2,4,2,0,1
1,279.0,1,3,3,1,1
1,216.0,2,3,3,0,1
1,176.0,2,4,3,1,1
1,131.0,3,4,3,1,1
2,51.0,3,5,3,1,1
1,176.0,3,5,3,1,1
2,132.0,1,5,3,0,1
1,283.0,1,1,1,1,1
0,15.0,1,1,1,1,1
0,15.0,1,0,0,1,1
0,15.0,1,1,1,0,1
0,15.0,2,2,2,1,1
1,75.0,1,3,3,1,1
2,22.0,1,4,3,1,1
1,67.0,2,5,3,0,1
2,20.0,2,6,3,1,1
1,290.0,2,7,3,1,1
1,36.0,3,6,3,1,1
0,15.0,1,2,1,1,1
0,15.0,1,3,2,1,1
1,87.0,1,3,3,1,1
0,15.0,2,2,1,1,1
1,217.0,2,2,2,1,1
0,15.0,1,3,2,1,1
1,201.0,1,3,3,1,1
1,287.0,1,2,2,1,1
1,53.0,1,2,2,0,1
1,190.0,1,3,2,1,1
2,70.0,1,4,2,0,1
3,171.0,2,4,2,0,1
0,15.0,1,0,0,1,1
0,15.0,1,1,1,0,1
0,15.0,2,2,2,0,1
1,122.0,1,3,3,0,1
2,123.0,1,4,3,0,1
1,252.0,2,5,3,1,1
3,27.0,1,6,3,1,1
1,125.0,1,4,2,1,1
0,15.0,1,0,0,1,1
0,15.0,1,1,1,0,1
0,15.0,2,1,1,1,1
0,15.0,1,1,1,1,1
0,15.0,1,1,1,1,1
1,102.0,1,1,1,1,1
0,15.0,1,2,1,1,1
0,15.0,2,3,2,1,1
0,15.0,1,2,2,0,1
1,50.0,1,2,2,1,1
2,112.0,1,3,2,1,1
0,15.0,1,1,1,0,1
0,15.0,2,2,2,1,1
1,260.0,2,3,3,1,1
2,27.0,2,4,3,1,1
1,125.0,3,4,3,0,1
2,127.0,2,5,3,1,1
1,193.0,2,4,2,1,1
3,142.0,2,5,2,1,1
0,15.0,1,2,2,1,1
1,227.0,2,3,3,1,1
1,214.0,2,4,3,1,1
2,13.0,1,5,3,1,1
1,97.0,2,5,3,1,1
2,40.0,2,5,3,1,1
3,96.0,1,6,3,1,1
3,105.0,1,4,2,1,1
0,15.0,2,4,1,1,1
0,15.0,1,0,0,0,1
1,5.0,1,1,1,1,1
0,15.0,1,2,1,1,1
0,15.0,2,1,1,1,1
0,15.0,1,1,1,1,1
1,3.0,1,2,2,1,1
1,202.0,2,3,2,0,1
2,191.0,2,3,2,1,1
0,15.0,1,4,2,1,1
1,185.0,1,5,3,1,1
0,15.0,1,0,0,1,1
1,100.0,1,1,1,1,1
2,113.0,1,2,1,1,1
0,15.0,2,3,1,1,1
1,251.0,1,1,1,0,1
0,15.0,1,1,1,1,1
1,2.0,2,2,2,1,1
2,226.0,1,2,1,0,1
0,15.0,2,3,1,1,1
1,77.0,1,2,2,1,1
0,15.0,2,3,2,1,1
1,64.0,1,2,2,1,1
1,258.0,1,3,2,0,1
2,69.0,1,3,2,1,1
0,15.0,2,4,2,1,1
1,198.0,3,5,3,1,1
0,15.0,1,5,3,1,1
0,15.0,1,6,4,1,1
0,15.0,1,7,5,1,1
0,15.0,1,7,6,1,1
0,15.0,1,7,7,1,1
0,15.0,1,7,7,1,1
0,15.0,1,4,4,1,1
0,15.0,1,5,5,1,1
0,15.0,1,4,4,1,1
0,15.0,1,4,4,1,1
0,15.0,1,4,4,1,1
0,15.0,1,3,3,1,1
0,15.0,1,2,2,1,1
0,15.0,1,3,3,1,1
0,15.0,1,4,4,1,1
0,15.0,1,4,4,1,1
0,15.0,1,5,5,1,1
0,15.0,1,5,5,1,1
0,15.0,1,4,4,1,1
0,15.0,1,0,0,0,1
0,15.0,1,1,1,1,1
0,15.0,1,2,2,1,1
0,15.0,1,3,3,1,1
0,15.0,1,3,3,0,1
0,15.0,1,2,2,0,1
0,15.0,1,2,2,0,1
0,15.0,1,3,3,1,1
0,15.0,1,4,4,1,1
0,15.0,1,5,5,1,1
0,15.0,1,5,5,1,1
0,15.0,1,3,3,1,1
0,15.0,1,2,2,0,1
0,15.0,1,3,3,1,1
0,15.0,1,3,3,1,1
0,15.0,1,4,4,1,1
0,15.0,1,5,5,1,1
0,15.0,1,5,5,1,1
0,15.0,1,3,3,0,1
0,15.0,1,2,2,1,1
0,15.0,1,2,2,1,1
0,15.0,1,3,3,0,1
0,15.0,1,0,0,1,1
0,15.0,1,1,1,1,1
0,15.0,1,2,2,1,1
0,15.0,1,1,1,0,1
0,15.0,1,2,2,1,1
0,15.0,1,3,3,1,1
0,15.0,1,4,4,0,1
0,15.0,1,4,4,1,1
0,15.0,1,5,5,1,1
0,15.0,1,6,6,1,1
0,15.0,1,0,0,1,1
0,15.0,1,1,1,1,1
0,15.0,1,2,2,1,1
0,15.0,1,3,3,1,1
0,15.0,1,4,4,1,1
0,15.0,1,5,5,1,1
0,15.0,1,6,6,0,1
0,15.0,1,5,5,1,1
0,15.0,1,3,3,1,1
0,15.0,1,2,2,1,1
0,15.0,1,3,3,1,1
0,15.0,1,3,3,1,1
0,15.0,1,4,4,1,1
0,15.0,1,5,5,1,1
0,15.0,1,5,5,1,1
0,15.0,1,6,6,1,1
0,15.0,1,6,6,1,1
0,15.0,1,7,7,0,1
0,15.0,1,7,7,1,1
0,15.0,1,7,7,1,1
0,15.0,1,8,8,1,1
0,15.0,1,6,6,1,1
0,15.0,1,4,4,1,1
0,15.0,1,2,2,1,1
0,15.0,1,2,2,1,1
0,15.0,1,2,2,1,1
0,15.0,1,3,3,1,1
0,15.0,1,2,2,1,1
0,15.0,1,3,3,0,1
0,15.0,1,4,4,1,1
0,15.0,1,5,5,1,1
0,15.0,1,6,6,1,1
0,15.0,1,2,2,1,1
0,15.0,1,1,1,1,1
0,15.0,1,2,2,1,1
0,15.0,1,1,1,1,1
0,15.0,1,1,1,1,1
0,15.0,1,2,2,1,1
0,15.0,1,3,3,1,1
0,15.0,1,4,4,1,1
0,15.0,1,3,3,1,1
0,15.0,1,2,2,0,1
0,15.0,1,3,3,0,1
0,15.0,1,4,4,1,1
0,15.0,1,4,4,1,1
0,15.0,1,4,4,0,1
0,15.0,1,5,5,1,1
0,15.0,1,6,6,1,1
0,15.0,1,3,3,1,1
0,15.0,1,4,4,1,1
0,15.0,1,5,5,1,1
0,15.0,1,5,5,1,1
0,15.0,1,4,4,1,1
0,15.0,1,5,5,0,1
0,15.0,1,6,6,1,1
0,15.0,1,7,7,1,1
0,15.0,1,8,8,1,1
0,15.0,1,9,9,1,1
0,15.0,1,10,10,1,1
0,15.0,1,11,11,1,1
0,15.0,1,9,9,1,1
0,15.0,1,8,8,1,1
0,15.0,1,9,9,0,1
0,15.0,1,6,6,1,1
0,15.0,1,4,4,1,1
0,15.0,1,2,2,0,1
0,15.0,1,2,2,0,1
0,15.0,1,3,3,1,1
0,15.0,1,3,3,1,1
0,15.0,1,4,4,0,1
0,15.0,1,5,5,1,1
0,15.0,1,6,6,0,1
0,15.0,1,7,7,0,1
0,15.0,1,5,5,1,1
0,15.0,1,6,6,1,1
0,15.0,1,5,5,1,1
0,15.0,1,3,3,0,1
0,15.0,1,4,4,1,1
0,15.0,1,5,5,1,1
0,15.0,1,5,5,1,1
0,15.0,1,5,5,1,1
0,15.0,1,6,6,0,1
0,15.0,1,6,6,1,1
0,15.0,1,0,0,1,1
0,15.0,1,1,1,1,1
0,15.0,1,2,2,1,1
0,15.0,2,3,3,1,1
0,15.0,1,4,4,1,1
0,15.0,1,5,5,1,1
0,15.0,1,0,0,1,1
0,15.0,1,1,1,1,1
0,15.0,1,2,2,1,1
0,15.0,1,3,3,1,1
0,15.0,1,4,4,1,1
0,15.0,1,4,4,1,1
0,15.0,1,5,5,1,1
0,15.0,1,6,6,1,1
0,15.0,1,4,4,0,1
0,15.0,1,5,5,1,1
0,15.0,1,5,5,0,1
0,15.0,1,3,3,1,1
0,15.0,1,0,0,0,1
0,15.0,1,1,1,0,1
0,15.0,1,2,2,1,1
0,15.0,1,3,3,0,1
0,15.0,1,4,4,1,1
0,15.0,1,5,5,1,1
0,15.0,1,0,0,1,1
0,15.0,1,1,1,1,1
0,15.0,1,2,2,1,1
0,15.0,1,3,3,0,1
0,15.0,1,3,3,0,1
0,15.0,1,3,3,0,1
0,15.0,1,4,4,1,1
0,15.0,1,5,5,1,1
0,15.0,1,6,6,1,1
0,15.0,1,7,7,0,1
0,15.0,2,7,7,1,1
0,15.0,1,7,7,1,1
0,15.0,1,6,6,1,1
0,15.0,1,3,3,1,1
0,15.0,1,4,4,1,1
0,15.0,1,3,3,1,1
0,15.0,1,3,3,0,1
0,15.0,1,2,2,0,1
0,15.0,1,3,3,1,1
0,15.0,1,3,3,1,1
0,15.0,1,4,4,1,1
0,15.0,1,2,2,1,1
0,15.0,1,1,1,0,1
0,15.0,1,1,1,1,1
0,15.0,1,1,1,1,1
0,15.0,1,2,2,1,1
0,15.0,2,3,3,0,1
0,15.0,1,4,4,1,1
0,15.0,1,5,5,1,1
0,15.0,3,6,6,1,1
0,15.0,1,7,7,1,1
0,15.0,1,1,1,1,1
0,15.0,1,1,1,1,1
0,15.0,1,1,1,1,1
0,15.0,1,2,2,1,1
0,15.0,1,3,3,0,1
0,15.0,1,3,3,1,1
0,15.0,1,4,4,1,1
0,15.0,1,5,5,1,1
0,15.0,1,6,6,1,1
0,15.0,1,2,2,1,1
0,15.0,1,2,2,1,1
0,15.0,1,2,2,1,1
0,15.0,1,3,3,1,1
0,15.0,1,3,3,1,1
0,15.0,1,4,4,1,1
0,15.0,1,4,4,0,1
0,15.0,1,5,5,1,1
0,15.0,1,6,6,1,1
0,15.0,1,7,7,1,1
0,15.0,1,4,4,1,1
0,15.0,1,0,0,0,1
0,15.0,1,1,1,1,1
0,15.0,1,2,2,1,1
0,15.0,1,3,3,1,1
0,15.0,1,2,2,1,1
0,15.0,1,3,3,1,1
0,15.0,1,3,3,1,1
0,15.0,1,4,4,1,1
0,15.0,1,5,5,1,1
0,15.0,1,4,4,0,1
0,15.0,1,3,3,1,1
0,15.0,1,2,2,1,1
0,15.0,1,3,3,1,1
0,15.0,1,3,3,1,1
0,15.0,1,4,4,1,1
0,15.0,1,2,2,1,1
0,15.0,1,3,3,1,1
0,15.0,1,1,1,1,1
0,15.0,1,2,2,1,1
0,15.0,1,3,3,0,1
0,15.0,1,3,3,0,1
0,15.0,1,4,4,1,1
0,15.0,1,5,5,1,1
0,15.0,1,3,3,1,1
0,15.0,1,1,1,1,1
0,15.0,1,2,2,1,1
0,15.0,1,2,2,1,1
0,15.0,1,1,1,1,1
0,15.0,1,2,2,1,1
0,15.0,1,0,0,1,1
0,15.0,1,1,1,1,1
0,15.0,1,2,2,1,1
0,15.0,1,3,3,1,1
0,15.0,1,4,4,1,1
0,15.0,1,5,5,1,1
0,15.0,1,6,6,1,1
0,15.0,1,7,7,0,1
0,15.0,1,8,8,1,1
0,15.0,1,6,6,1,1
0,15.0,1,7,7,1,1
0,15.0,1,8,8,1,1
0,15.0,1,3,3,1,0
1,0.02,1,4,4,1,0
2,0.02,1,5,4,1,0
3,0.02,1,6,4,1,0
4,0.02,1,7,4,1,0
0,15.0,2,8,4,1,0
5,33.99,2,8,4,1,0
0,15.0,1,7,2,1,0
1,0.54,1,8,3,1,1
2,0.01,1,9,3,1,0
2,0.01,1,9,3,1,0
2,0.01,1,9,3,1,0
2,0.01,1,9,3,1,0
0,87.95,2,9,3,1,0
0,138.41,1,8,2,0,0
0,40.77,1,8,2,0,0
0,187.89,1,0,0,0,0
0,15.0,1,0,0,0,0
0,107.22,1,0,0,0,0
1,0.19,1,1,1,0,0
2,0.17,1,2,1,0,0
3,0.2,1,3,1,0,0
4,0.15,1,4,1,0,0
5,0.7,1,5,1,0,1
6,11.65,1,6,1,0,0
6,0.02,1,6,1,0,0
6,12.39,1,6,1,0,0
6,9.21,1,6,1,0,0
6,246.12,1,6,1,0,0
6,0.18,1,6,1,0,0
6,0.18,1,6,1,0,0
6,0.2,1,6,1,0,0
6,0.18,1,6,1,0,0
6,0.16,1,6,1,0,0
6,0.17,1,6,1,0,0
6,0.17,1,6,1,0,0
6,0.16,1,6,1,0,0
6,0.17,1,6,1,0,0
6,0.17,1,6,1,0,0
6,0.3,1,6,1,0,0
6,0.53,1,6,1,0,0
6,0.55,1,6,1,0,0
6,0.58,1,6,1,0,0
6,0.55,1,6,1,0,0
6,0.73,1,6,1,0,0
6,0.18,1,6,1,0,0
6,0.18,1,6,1,0,0
6,0.49,1,6,1,0,0
6,0.23,1,6,1,0,0
6,1.4,1,6,1,0,0
6,1.08,1,6,1,0,0
6,4.03,1,6,1,0,0
0,11.7,1,0,0,0,0
0,15.0,1,0,0,0,0
0,5.66,1,0,0,0,0
14,0.35,1,28,1,1,1
0,0.38,12,32,24,1,1
0,5.25,1,1,1,0,0
0,25.56,1,2,1,0,0
0,18.33,1,0,0,0,0
19,0.03,1,27,3,1,1
19,0.25,1,19,3,0,1
0,28.9,1,1,0,0,0
1,0.21,3,5,18,0,1
1,20.37,1,1,0,0,0
12,0.12,1,16,1,1,1
0,0.39,10,10,21,0,1
0,38.53,1,1,0,0,0
0,0.25,5,19,13,1,1
0,9.91,1,0,0,0,0
0,0.76,7,22,24,1,1
0,0.97,7,28,26,0,1
0,57.32,1,0,0,0,0
0,23.59,1,1,1,0,0
0,9.87,1,2,0,0,0
0,0.94,8,17,7,1,1
0,0.71,9,10,28,0,1
1,0.85,3,29,13,0,1
0,0.97,8,26,21,1,1
0,0.16,5,15,20,1,1
1,23.66,1,2,1,0,0
0,0.19,5,11,18,1,1
0,0.49,8,36,6,1,1
0,0.41,3,32,12,1,1
0,0.35,14,9,15,1,1
16,0.3,1,5,3,1,1
0,17.93,1,0,0,0,0
0,0.69,8,38,15,1,1
5,0.06,1,25,2,0,1
1,13.08,1,1,0,0,0
0,56.32,1,0,0,0,0
1,21.04,1,1,0,0,0
0,16.61,1,0,0,0,0
5,0.14,1,5,2,0,1
0,3.97,1,0,0,0,0
0,0.98,14,35,14,1,1
0,4.35,1,0,0,0,0
2,0.1,9,7,15,1,1
11,0.06,1,20,2,0,1
6,0.24,1,17,2,1,1
0,42.64,1,1,1,0,0
0,15.31,1,1,0,0,0
0,25.63,1,1,0,0,0
0,7.74,1,0,0,0,0
11,0.21,1,14,2,0,1
0,8.69,1,1,0,0,0
0,62.13,1,2,0,0,0
0,1.0,6,17,4,0,1
1,0.59,12,38,6,0,1
0,12.59,1,0,0,0,0
0,22.18,1,1,0,0,0
0,23.78,1,1,1,0,0
0,7.13,1,1,0,0,0
1,6.95,2,0,1,0,0
28,0.33,1,20,1,0,1
0,44.43,1,0,0,0,0
0,10.76,1,2,0,0,0
0,60.76,2,0,0,0,0
0,19.3,1,2,1,0,0
26,0.03,1,25,3,1,1
0,10.8,2,2,0,0,0
0,62.54,1,2,1,0,0
25,0.3,1,20,1,1,1
2,0.45,4,28,20,1,1
0,15.95,1,0,0,0,0
0,6.72,1,1,1,0,0
18,0.26,1,28,2,1,1
19,0.04,1,29,1,0,1
0,13.81,1,0,1,0,0
0,56.04,1,2,1,0,0
1,0.84,14,26,8,1,1
1,96.95,1,2,1,0,0
1,48.79,1,0,0,0,0
1,16.27,1,0,1,0,0
22,0.39,1,21,1,1,1
26,0.19,1,5,2,0,1
0,7.17,1,0,0,0,0
0,25.57,1,0,1,0,0
6,0.31,1,19,1,1,1
12,0.27,1,22,2,1,1
0,3.7,1,0,1,0,0
2,6.99,1,1,1,0,0
17,0.32,1,19,1,1,1
22,0.32,1,25,2,1,1
7,0.1,1,19,1,1,1
28,0.02,1,21,1,0,1
0,3.6,1,1,0,0,0
1,43.09,1,2,1,0,0
0,0.31,11,14,27,1,1
19,0.21,1,25,3,0,1
2,11.28,1,0,0,0,0
0,48.41,1,2,0,0,0
2,11.46,1,0,1,0,0
0,0.09,12,17,10,1,1
0,7.94,1,0,0,0,0
14,0.32,1,14,3,0,1
0,27.35,1,0,1,0,0
0,0.83,12,37,21,1,1
15,0.39,1,27,2,0,1
2,31.57,1,0,1,0,0
0,5.85,2,0,1,0,0
2,40.35,1,0,1,0,0
1,0.17,10,23,28,0,1
0,4.35,1,2,0,0,0
13,0.11,1,25,2,1,1
0,18.51,1,1,0,0,0
0,0.32,13,28,16,0,1
0,7.54,1,2,0,0,0
0,61.64,1,1,1,0,0
1,18.84,1,0,0,0,0
0,47.1,1,2,0,0,0
5,0.23,1,10,3,1,1
0,3.84,1,0,0,0,0
0,11.7,1,2,1,0,0
27,0.23,1,26,3,1,1
12,0.05,1,15,1,0,1
0,0.67,5,9,16,1,1
0,0.43,11,39,14,1,1
0,33.41,1,0,0,0,0
1,16.48,2,0,1,0,0
0,0.24,6,20,24,1,1
2,0.91,9,17,12,1,1
25,0.3,1,7,1,1,1
1,0.82,3,16,10,1,1
0,26.28,1,1,1,0,0
0,0.32,3,36,29,1,1
0,2.98,1,2,0,0,0
18,0.18,1,18,2,1,1
0,0.73,14,14,10,1,1
0,25.32,1,0,0,0,0
0,8.6,1,0,0,0,0
0,10.3,1,1,0,0,0
0,5.47,1,2,0,0,0
22,0.06,1,6,2,1,1
1,33.93,1,0,0,0,0
0,0.6,9,32,9,1,1
0,24.99,1,0,1,0,0
2,0.47,13,33,21,1,1
0,10.96,1,2,0,0,0
0,16.16,1,0,1,0,0
0,0.39,4,14,8,1,1
0,31.01,1,0,1,0,0
20,0.4,1,28,1,1,1
0,17.67,1,0,1,0,0
11,0.07,1,21,3,0,1
0,0.16,14,6,21,1,1
0,0.54,10,25,28,1,1
10,0.15,1,6,2,0,1
0,0.65,4,32,18,1,1
1,15.04,1,1,1,0,0
0,0.1,10,32,14,0,1
2,0.75,6,31,28,1,1
0,19.75,1,2,1,0,0
0,22.58,1,0,0,0,0
0,6.69,1,1,0,0,0
0,12.69,1,0,0,0,0
0,5.54,1,2,1,0,0
5,0.39,1,12,3,0,1
0,0.64,13,36,21,1,1
2,3.15,1,0,0,0,0
1,18.35,1,1,0,0,0
0,0.24,10,22,23,1,1
5,0.07,1,16,2,1,1
21,0.1,1,21,1,0,1
0,20.18,1,1,1,0,0
0,53.64,2,2,0,0,0
29,0.1,1,10,1,1,1
0,6.35,1,0,1,0,0
0,48.44,1,2,1,0,0
0,63.6,1,1,0,0,0
0,43.26,1,0,0,0,0
13,0.35,1,20,3,1,1
1,48.5,1,2,1,0,0
1,3.81,1,2,1,0,0
1,0.84,10,31,29,1,1
1,26.64,1,0,0,0,0
0,72.63,1,0,0,0,0
1,6.59,1,0,0,0,0
0,18.33,1,1,0,0,0
0,0.69,8,25,11,1,1
16,0.07,1,12,1,1,1
6,0.03,1,16,1,1,1
0,27.78,1,1,0,0,0
10,0.28,1,15,1,0,1
1,0.29,6,22,12,1,1
0,5.49,1,2,0,0,0
19,0.19,1,17,2,1,1
1,0.64,14,12,26,1,1
1,0.7,11,31,29,1,1
29,0.12,1,14,2,1,1
0,18.95,1,0,1,0,0
25,0.3,1,5,2,1,1
0,5.34,1,1,1,0,0
15,0.26,1,10,2,1,1
1,37.36,1,2,0,0,0
8,0.28,1,24,3,1,1
0,106.61,1,1,0,0,0
2,34.34,2,0,0,0,0
0,3.21,1,1,1,0,0
0,0.51,4,37,13,1,1
19,0.3,1,13,3,1,1
1,4.62,1,1,1,0,0
0,10.83,1,1,0,0,0
1,102.22,1,0,0,0,0
5,0.19,1,14,1,1,1
0,39.77,1,1,1,0,0
1,0.83,4,11,12,1,1
24,0.35,1,17,3,1,1
2,0.12,14,29,10,1,1
0,37.51,1,2,1,0,0
0,16.75,1,1,1,0,0
0,0.59,10,12,15,1,1
0,26.1,1,1,0,0,0
0,0.7,13,5,18,1,1
1,7.71,1,1,0,0,0
0,0.25,14,30,8,1,1
6,0.3,1,23,2,1,1
1,13.38,1,0,0,0,0
0,19.45,1,0,1,0,0
0,8.98,1,1,1,0,0
0,18.2,1,2,0,0,0
0,5.6,1,1,0,0,0
0,2.49,1,0,1,0,0
0,0.54,12,25,23,1,1
1,0.08,7,7,25,1,1
23,0.35,1,12,3,0,1
0,3.48,1,0,1,0,0
0,3.16,1,0,0,0,0
1,0.24,4,21,19,1,1
21,0.27,1,18,1,1,1
10,0.25,1,28,2,1,1
0,0.89,4,23,8,1,1
0,0.47,12,18,14,1,1
2,0.42,10,39,8,1,1
0,0.34,13,34,5,1,1
0,4.56,1,1,1,0,0
27,0.21,1,7,1,1,1
28,0.38,1,17,1,1,1
0,18.14,1,0,0,0,0
0,36.81,1,0,0,0,0
1,26.03,1,0,0,0,0
0,0.51,9,16,6,1,1
1,0.65,4,37,12,1,1
0,0.24,14,26,29,1,1
0,2.09,1,0,0,0,0
19,0.15,1,15,3,1,1
0,27.71,1,1,0,0,0
0,0.17,4,26,5,1,1
0,38.99,1,1,0,0,0
8,0.09,1,8,1,0,1
24,0.27,1,15,1,0,1
0,16.95,1,0,0,0,0
2,44.46,1,0,1,0,0
17,0.35,1,9,1,1,1
2,0.83,9,11,15,1,1
1,0.3,5,13,8,1,1
1,34.13,1,1,1,0,0
0,52.2,1,0,0,0,0
19,0.12,1,11,3,1,1
0,0.36,12,8,22,0,1
2,0.28,7,20,15,1,1
0,49.49,1,2,0,0,0
0,2.51,1,1,0,0,0
17,0.05,1,22,3,0,1
5,0.04,1,20,1,1,1
1,13.53,1,0,0,0,0
0,54.71,1,0,0,0,0
2,27.59,1,0,0,0,0
0,0.98,13,6,15,1,1
20,0.16,1,27,3,0,1
0,0.57,11,32,8,1,1
1,0.59,4,6,18,1,1
0,0.07,14,13,5,1,1
0,12.21,2,1,0,0,0
2,0.18,9,13,5,0,1
0,0.85,14,6,23,1,1
0,0.88,11,20,8,1,1
0,0.29,3,31,10,1,1
0,20.4,1,0,0,0,0
1,39.47,2,2,1,0,0
0,19.63,1,1,1,0,0
0,41.83,1,2,1,0,0
0,0.63,13,14,9,1,1
0,14.83,1,1,0,0,0
1,0.77,3,37,28,1,1
1,14.18,1,2,0,0,0
1,0.36,12,10,23,1,1
1,7.06,2,0,1,0,0
0,0.72,13,33,21,1,1
22,0.14,1,17,2,1,1
11,0.02,1,22,3,1,1
13,0.24,1,9,1,1,1
1,0.42,7,17,20,1,1
1,0.27,9,10,19,1,1
15,0.01,1,7,1,1,1
0,10.23,1,0,1,0,0
1,24.12,1,0,1,0,0
0,0.13,6,32,28,1,1
9,0.19,1,24,3,1,1
1,23.28,2,1,1,0,0
0,20.73,1,1,1,0,0
1,0.57,4,21,11,1,1
23,0.37,1,18,1,1,1
0,34.54,1,1,0,0,0
0,7.39,1,1,1,0,0
0,2.85,1,2,0,0,0
0,0.18,4,19,13,1,1
0,13.51,1,1,1,0,0
0,2.86,1,2,0,0,0
8,0.11,1,19,3,1,1
0,23.72,1,0,1,0,0
0,8.64,1,0,0,0,0
6,0.21,1,15,2,0,1
1,12.82,1,0,0,0,0
19,0.02,1,14,3,1,1
17,0.24,1,9,1,1,1
1,0.1,13,19,8,1,1
0,13.49,1,2,1,0,0
12,0.1,1,21,3,1,1
16,0.29,1,15,3,1,1
0,0.55,6,20,12,1,1
0,14.26,1,0,1,0,0
1,0.56,12,6,23,1,1
0,5.34,1,1,0,0,0
0,4.79,1,2,0,0,0
0,0.14,8,27,17,1,1
23,0.21,1,13,1,1,1
1,0.53,4,19,28,1,1
14,0.21,1,8,3,0,1
0,10.32,2,2,0,0,0
28,0.34,1,17,2,1,1
0,22.07,1,1,1,0,0
1,7.83,1,0,1,0,0
0,7.28,1,0,0,0,0
0,17.2,1,0,0,0,0
0,7.38,1,1,1,0,0
0,38.42,1,2,0,0,0
20,0.39,1,11,2,1,1
0,0.33,14,20,12,1,1
12,0.11,1,6,1,1,1
15,0.12,1,15,3,0,1
0,19.45,1,1,1,0,0
29,0.21,1,18,3,1,1
1,18.27,1,1,1,0,0
0,0.05,4,13,26,1,1
0,8.28,1,2,1,0,0
0,21.2,1,2,0,0,0
0,20.08,1,0,0,0,0
8,0.25,1,11,2,1,1
14,0.33,1,21,2,1,1
10,0.3,1,5,2,1,1
0,4.62,1,2,1,0,0
15,0.03,1,7,1,1,1
0,7.35,1,2,1,0,0
1,5.33,1,1,1,0,0
0,30.94,1,0,0,0,0
19,0.12,1,12,3,0,1
0,0.44,3,10,22,1,1
1,0.3,3,38,23,1,1
27,0.13,1,26,1,0,1
13,0.1,1,28,3,0,1
0,21.66,1,0,1,0,0
1,11.99,1,0,1,0,0
0,47.76,1,2,1,0,0
0,0.8,9,35,22,1,1
0,29.36,1,2,1,0,0
1,0.31,3,17,27,1,1
0,0.55,4,22,25,1,1
11,0.05,1,10,2,1,1
15,0.33,1,22,1,1,1
6,0.06,1,23,2,1,1
1,0.31,4,19,13,1,1
0,0.64,6,9,26,1,1
0,0.37,4,32,27,1,1
1,21.76,1,2,0,0,0
0,0.31,5,30,28,1,1
0,0.71,9,35,18,1,1
11,0.21,1,22,2,1,1
5,0.17,1,20,3,1,1
18,0.36,1,12,3,1,1
0,22.85,1,0,1,0,0
1,0.73,13,6,7,1,1
2,0.52,10,6,7,1,1
0,78.92,1,1,1,0,0
12,0.36,1,24,3,1,1
1,12.26,1,1,0,0,0
20,0.09,1,26,1,1,1
0,0.08,14,39,25,1,1
0,6.5,1,0,0,0,0
1,0.26,5,25,27,1,1
0,9.08,1,2,0,0,0
0,51.42,1,0,0,0,0
2,0.56,5,18,25,1,1
0,0.59,7,21,11,1,1
28,0.23,1,29,1,1,1
7,0.27,1,21,2,1,1
2,3.19,1,0,0,0,0
0,0.34,14,19,14,1,1
0,0.38,12,16,5,0,1
1,10.86,1,1,0,0,0
6,0.31,1,21,2,1,1
1,43.32,1,1,0,0,0
1,13.05,1,1,0,0,0
1,21.95,1,1,0,0,0
0,0.23,3,39,19,1,1
0,0.47,10,14,16,1,1
1,60.88,1,1,0,0,0
29,0.28,1,27,2,1,1
0,31.15,1,2,0,0,0
1,24.34,1,2,1,0,0
1,38.14,1,1,0,0,0
1,4.41,1,1,0,0,0
1,0.85,3,23,9,1,1
0,81.45,1,2,0,0,0
0,0.19,11,17,24,1,1
0,17.4,1,1,0,0,0
0,52.4,2,0,0,0,0
0,17.67,1,0,0,0,0
0,18.38,1,0,1,0,0
16,0.16,1,27,2,1,1
11,0.4,1,28,3,1,1
14,0.02,1,16,3,1,1
0,41.73,1,0,1,0,0
0,43.04,2,0,1,0,0
1,0.2,9,30,28,1,1
0,8.14,1,0,0,0,0
2,115.9,1,0,0,0,0
0,11.33,1,0,0,0,0
0,8.38,2,0,0,0,0
0,40.5,1,2,1,0,0
0,80.61,1,0,1,0,0
7,0.14,1,29,1,1,1
0,9.96,1,1,0,0,0
0,40.04,1,1,1,0,0
9,0.04,1,20,2,1,1
0,0.73,13,20,9,0,1
1,14.25,1,2,0,0,0
0,2.55,1,2,0,0,0
0,0.08,8,7,24,1,1
0,22.48,1,0,0,0,0
18,0.33,1,16,1,1,1
17,0.27,1,26,2,1,1
1,2.48,1,0,0,0,0
0,0.46,10,7,14,1,1
1,0.27,13,28,9,0,1
0,27.83,1,0,0,0,0
2,4.73,1,1,0,0,0
1,11.0,1,1,1,0,0
14,0.16,1,15,3,0,1
23,0.02,1,14,1,1,1
17,0.05,1,11,3,1,1
2,0.55,4,14,29,1,1
15,0.06,1,19,2,1,1
0,50.01,1,1,1,0,0
0,6.08,1,2,1,0,0
0,9.33,1,0,1,0,0
0,30.63,1,1,0,0,0
0,33.87,1,1,0,0,0
0,26.77,1,2,1,0,0
0,6.99,1,1,1,0,0
0,9.13,1,2,1,0,0
0,34.86,1,2,0,0,0
22,0.35,1,7,1,1,1
0,43.46,1,2,1,0,0
0,0.1,11,16,10,1,1
0,21.25,1,2,1,0,0
17,0.33,1,9,3,1,1
0,19.75,1,0,0,0,0
0,12.07,1,2,1,0,0
0,13.75,1,0,1,0,0
0,8.45,1,1,1,0,0
0,10.99,1,1,1,0,0
0,17.86,1,2,1,0,0
1,70.69,1,0,1,0,0
0,9.54,1,1,0,0,0
0,0.51,8,6,20,1,1
0,6.61,1,1,1,0,0
16,0.23,1,9,2,1,1
0,0.67,13,27,7,1,1
21,0.37,1,10,3,1,1
0,4.95,2,1,0,0,0
0,5.32,1,1,0,0,0
0,0.17,6,24,23,1,1
0,0.87,8,7,6,1,1
0,6.92,2,0,0,0,0
0,4.31,1,1,1,0,0
20,0.03,1,17,2,0,1
0,0.31,5,9,29,1,1
0,0.59,5,6,10,1,1
1,0.78,11,19,20,1,1
0,10.72,1,1,0,0,0
0,18.46,1,0,0,0,0
0,33.0,1,2,0,0,0
0,0.43,4,7,12,1,1
16,0.33,1,22,2,1,1
0,52.59,1,1,0,0,0
0,0.92,8,39,23,1,1
0,10.02,1,0,0,0,0
0,4.11,1,0,0,0,0
1,10.81,1,0,0,0,0
0,0.1,5,28,22,0,1
0,11.02,1,1,0,0,0
0,6.85,1,1,0,0,0
0,32.35,1,1,1,0,0
0,0.54,12,23,21,1,1
1,14.78,1,1,1,0,0
1,16.91,1,1,1,0,0
1,0.45,5,7,25,1,1
1,0.89,14,28,5,1,1
28,0.37,1,11,3,0,1
0,3.93,2,2,0,0,0
0,49.39,1,2,1,0,0
0,12.53,1,2,1,0,0
1,0.45,6,39,27,1,1
2,0.48,5,13,25,1,1
0,0.46,5,33,10,1,1
11,0.21,1,26,3,1,1
0,0.17,11,18,11,1,1
0,3.08,1,1,0,0,0
11,0.19,1,29,2,1,1
26,0.34,1,23,3,1,1
0,2.18,1,0,0,0,0
25,0.17,1,13,2,1,1
0,9.48,1,1,0,0,0
0,22.11,1,0,1,0,0
0,0.91,4,25,7,0,1
0,11.47,1,1,0,0,0
26,0.25,1,21,3,1,1
0,0.96,5,15,28,1,1
0,5.03,1,2,0,0,0
27,0.35,1,24,3,1,1
0,0.54,14,32,16,1,1
23,0.27,1,15,3,1,1
17,0.27,1,10,2,1,1
0,14.01,1,2,0,0,0
1,0.68,10,24,25,1,1
11,0.35,1,26,3,1,1
0,33.74,1,0,0,0,0
1,25.59,1,2,0,0,0
0,0.74,11,32,24,0,1
28,0.23,1,16,3,1,1
0,2.06,1,0,1,0,0
0,32.32,1,1,0,0,0
1,13.02,1,1,0,0,0
0,10.22,1,0,0,0,0
22,0.26,1,9,3,0,1
1,0.07,14,35,17,1,1
0,9.48,1,1,0,0,0
0,0.81,7,13,24,1,1
0,10.41,1,0,1,0,0
0,13.5,1,0,0,0,0
0,7.19,2,0,0,0,0
0,0.87,5,35,13,1,1
23,0.36,1,9,3,1,1
1,58.1,1,1,0,0,0
1,96.05,1,2,0,0,0
0,3.34,1,0,0,0,0
15,0.37,1,14,3,1,1
0,0.93,10,20,4,1,1
15,0.27,1,15,3,1,1
0,10.54,1,2,1,0,0
0,10.28,1,0,1,0,0
1,9.76,1,0,0,0,0
27,0.25,1,19,3,1,1
27,0.11,1,23,2,1,1
0,11.68,1,1,0,0,0
0,17.41,1,2,0,0,0
2,0.12,3,25,10,1,1
23,0.24,1,27,2,0,1
0,8.41,1,0,1,0,0
18,0.09,1,16,1,1,1
0,21.33,1,2,0,0,0
0,11.69,1,0,0,0,0
0,14.4,1,2,0,0,0
29,0.37,1,12,1,1,1
15,0.15,1,13,3,1,1
1,59.54,2,0,1,0,0
0,0.22,13,14,27,1,1
10,0.14,1,7,2,0,1
0,0.89,10,8,9,1,1
0,11.53,1,2,0,0,0
0,21.01,1,2,1,0,0
14,0.25,1,25,2,1,1
0,99.1,1,1,1,0,0
2,0.25,9,25,16,1,1
0,34.33,1,0,1,0,0
0,29.15,1,1,1,0,0
0,74.81,1,1,0,0,0
8,0.36,1,24,3,1,1
0,13.86,1,0,0,0,0
0,0.45,14,36,28,1,1
1,34.02,1,2,1,0,0
0,4.82,1,0,0,0,0
0,26.45,1,2,1,0,0
0,16.83,1,0,1,0,0
1,2.62,1,1,1,0,0
20,0.06,1,21,3,0,1
18,0.14,1,11,1,1,1
12,0.06,1,13,1,1,1
1,0.44,10,23,26,1,1
0,3.85,1,1,1,0,0
0,0.89,10,12,9,1,1
11,0.19,1,23,3,1,1
0,0.37,5,16,10,1,1
0,14.02,1,2,0,0,0
1,15.11,1,1,1,0,0
0,99.63,1,1,0,0,0
0,6.45,1,0,1,0,0
0,0.2,4,20,11,1,1
6,0.21,1,26,3,1,1
1,0.69,6,39,6,1,1
2,4.86,1,0,0,0,0
2,4.82,1,0,1,0,0
0,30.1,1,2,1,0,0
15,0.12,1,25,3,1,1
0,0.55,8,12,23,0,1
1,0.11,12,29,14,1,1
0,0.25,14,5,7,1,1
0,19.03,1,0,1,0,0
1,17.81,2,2,0,0,0
25,0.28,1,17,3,1,1
7,0.24,1,23,3,1,1
29,0.03,1,28,3,1,1
0,26.21,1,2,0,0,0
0,31.27,1,1,0,0,0
0,8.83,1,0,0,0,0
29,0.02,1,14,2,1,1
1,18.27,1,2,1,0,0
1,0.75,12,38,4,1,1
20,0.38,1,20,1,1,1
2,40.72,1,0,1,0,0
26,0.04,1,21,2,0,1
0,12.74,1,1,0,0,0
0,19.63,1,1,0,0,0
0,0.2,11,19,9,1,1
0,0.15,14,31,13,1,1
9,0.05,1,25,3,1,1
0,55.36,1,0,0,0,0
0,0.41,4,20,14,1,1
0,69.66,1,0,1,0,0
22,0.24,1,19,1,1,1
0,0.13,14,17,16,0,1
17,0.24,1,27,3,0,1
0,24.67,1,0,0,0,0
0,28.39,1,1,1,0,0
0,64.26,1,2,0,0,0
0,29.62,1,2,0,0,0
0,23.05,1,1,1,0,0
0,11.64,2,0,0,0,0
0,21.17,1,0,1,0,0
0,0.72,4,21,8,1,1
17,0.29,1,7,2,1,1
1,0.31,14,39,5,1,1
0,12.94,1,2,0,0,0
1,0.77,6,12,29,1,1
0,4.23,1,1,1,0,0
2,0.35,9,29,27,1,1
14,0.33,1,10,2,1,1
7,0.23,1,25,3,1,1
0,9.59,1,0,1,0,0
22,0.26,1,21,2,1,1
23,0.18,1,14,1,1,1
0,38.57,1,0,1,0,0
6,0.2,1,22,2,1,1
0,7.32,1,0,0,0,0
0,12.57,1,0,1,0,0
1,34.76,1,2,1,0,0
0,46.16,1,2,0,0,0
1,32.27,1,2,0,0,0
1,19.92,1,2,0,0,0
1,37.07,1,0,1,0,0
0,15.57,1,0,1,0,0
21,0.12,1,10,1,1,1
0,8.94,1,2,1,0,0
1,36.58,1,0,0,0,0
10,0.34,1,25,2,1,1
28,0.04,1,6,3,1,1
0,27.9,2,1,1,0,0
1,0.69,4,16,16,1,1
0,24.42,1,0,1,0,0
2,69.29,1,2,0,0,0
1,0.42,10,7,28,1,1
0,47.82,1,1,0,0,0
11,0.37,1,17,3,0,1
10,0.24,1,10,1,0,1
0,0.72,7,5,13,1,1
20,0.31,1,7,1,1,1
0,20.27,1,1,0,0,0
0,0.89,10,27,21,1,1
0,22.68,1,0,1,0,0
0,33.08,1,0,1,0,0
0,0.21,9,13,18,1,1
0,0.73,9,22,9,1,1
0,0.75,5,22,12,1,1
20,0.01,1,26,2,1,1
1,9.62,1,0,1,0,0
24,0.12,1,29,1,1,1
2,17.88,1,2,0,0,0
0,23.52,1,2,1,0,0
1,4.16,1,0,0,0,0
0,20.72,1,0,0,0,0
0,21.19,2,0,1,0,0
0,3.12,2,2,0,0,0
0,62.51,1,0,0,0,0
0,23.3,2,2,0,0,0
27,0.39,1,28,2,1,1
14,0.12,1,20,1,1,1
0,27.04,1,1,0,0,0
0,0.56,13,27,13,1,1
0,7.42,1,0,0,0,0
0,16.59,1,2,1,0,0
19,0.05,1,13,2,1,1
0,18.64,1,1,0,0,0
7,0.23,1,20,1,1,1
0,18.8,1,2,1,0,0
0,14.79,1,2,1,0,0
0,0.79,9,13,16,1,1
0,0.34,3,28,18,1,1
0,0.84,14,13,26,1,1
18,0.24,1,18,1,0,1
0,17.38,1,0,1,0,0
0,38.91,1,0,1,0,0
0,0.16,6,22,14,1,1
0,79.76,1,1,1,0,0
0,0.94,10,27,10,1,1
2,11.38,1,0,0,0,0
1,13.78,1,2,1,0,0
0,0.8,12,16,7,1,1
0,5.4,1,2,1,0,0
0,20.86,1,0,1,0,0
0,18.99,1,0,1,0,0
0,17.28,1,1,0,0,0
0,17.51,1,1,0,0,0
1,3.03,1,2,0,0,0
0,21.2,1,1,1,0,0
1,10.77,2,2,1,0,0
28,0.37,1,19,1,1,1
0,5.36,1,1,0,0,0
22,0.31,1,27,3,1,1
9,0.31,1,11,2,1,1
0,71.25,1,1,1,0,0
0,16.46,1,0,0,0,0
0,6.07,1,2,0,0,0
0,0.48,6,8,7,1,1
20,0.33,1,13,3,1,1
0,0.11,12,29,5,1,1
0,2.23,1,1,1,0,0
0,0.32,5,37,4,1,1
0,0.77,8,20,4,0,1
0,3.93,1,2,0,0,0
0,28.23,1,1,1,0,0
0,25.32,1,2,0,0,0
1,0.12,13,13,7,1,1
0,43.99,1,0,0,0,0
0,4.17,1,2,1,0,0
0,22.82,1,1,1,0,0
1,0.42,8,25,25,1,1
2,30.84,1,0,0,0,0
0,21.66,1,1,1,0,0
29,0.09,1,17,2,0,1
9,0.05,1,26,2,1,1
0,3.06,1,2,0,0,0
0,7.45,1,2,0,0,0
21,0.27,1,14,2,1,1
0,7.67,1,2,0,0,0
6,0.38,1,27,1,1,1
0,10.38,1,0,0,0,0
0,3.11,1,1,0,0,0
19,0.27,1,17,2,1,1
1,18.09,1,2,0,0,0
5,0.32,1,15,2,1,1
2,0.87,12,30,20,1,1
12,0.38,1,22,2,0,1
21,0.05,1,18,2,1,1
0,16.54,1,0,1,0,0
0,5.56,1,2,1,0,0
11,0.24,1,19,2,1,1
0,21.13,1,1,1,0,0
0,43.85,2,2,0,0,0
16,0.05,1,17,3,1,1
0,4.01,1,0,0,0,0
15,0.4,1,5,3,1,1
0,0.24,8,8,21,0,1
1,22.65,1,1,0,0,0
27,0.19,1,29,3,1,1
1,2.85,1,0,1,0,0
18,0.16,1,9,3,0,1
16,0.35,1,16,2,1,1
0,0.08,6,7,23,1,1
0,9.53,1,0,1,0,0
0,1.0,9,37,19,1,1
24,0.22,1,20,1,1,1
0,0.89,13,14,6,1,1
1,26.5,1,0,1,0,0
0,8.58,1,2,1,0,0
0,0.53,14,38,18,1,1
0,6.58,1,0,1,0,0
9,0.34,1,28,2,1,1
17,0.1,1,16,3,1,1
0,10.88,1,1,1,0,0
0,22.1,1,2,1,0,0
28,0.25,1,13,3,1,1
0,0.96,7,33,23,1,1
0,62.01,1,2,1,0,0
0,2.37,1,0,1,0,0
1,21.77,1,1,0,0,0
0,0.75,3,12,27,1,1
0,5.84,1,1,1,0,0
1,0.44,7,17,8,1,1
0,75.3,2,1,0,0,0
0,0.88,6,18,17,1,1
0,2.49,1,1,0,0,0
1,0.73,14,29,22,1,1
27,0.24,1,13,3,1,1
0,7.52,1,0,1,0,0
0,20.93,1,2,0,0,0
22,0.17,1,22,1,1,1
1,10.45,1,0,0,0,0
0,4.34,1,1,1,0,0
0,71.87,1,1,1,0,0
0,67.23,1,2,0,0,0
6,0.26,1,12,2,1,1
0,0.82,7,11,19,1,1
0,3.23,1,1,1,0,0
0,0.33,3,10,22,1,1
21,0.12,1,8,2,1,1
0,6.0,1,0,0,0,0
1,8.73,1,2,1,0,0
0,0.44,10,39,25,1,1
0,16.0,1,0,1,0,0
0,9.49,1,2,1,0,0
13,0.08,1,22,1,1,1
0,12.49,1,2,0,0,0
0,0.83,12,33,6,1,1
0,8.78,1,1,1,0,0
0,13.26,1,1,0,0,0
0,7.28,1,2,1,0,0
2,0.69,3,14,22,1,1
0,70.13,1,2,1,0,0
12,0.03,1,16,3,1,1
11,0.27,1,27,2,0,1
19,0.23,1,29,3,1,1
18,0.32,1,7,2,0,1
0,0.79,9,37,10,1,1
1,24.81,1,1,1,0,0
13,0.38,1,25,2,1,1
2,26.88,2,0,1,0,0
0,0.33,3,18,26,1,1
0,13.75,1,2,0,0,0
21,0.27,1,21,3,1,1
0,13.98,1,1,0,0,0
0,19.32,1,2,1,0,0
25,0.06,1,22,3,0,1
1,0.75,3,22,10,1,1
14,0.37,1,13,3,1,1
1,7.99,1,2,1,0,0
0,0.57,14,21,4,1,1
0,16.48,1,1,0,0,0
15,0.24,1,20,2,1,1
17,0.04,1,21,2,1,1
0,36.5,1,1,0,0,0
0,11.61,1,2,1,0,0
1,0.09,8,31,18,1,1
6,0.13,1,24,3,1,1
29,0.29,1,11,2,1,1
0,0.15,13,22,26,0,1
0,17.97,1,1,1,0,0
0,8.11,1,0,1,0,0
0,0.86,7,11,8,1,1
1,43.41,1,0,0,0,0
17,0.05,1,28,1,1,1
1,12.96,1,1,0,0,0
0,0.9,6,29,15,1,1
0,0.57,4,12,8,1,1
2,20.49,1,0,1,0,0
0,10.37,1,2,0,0,0
0,21.26,1,1,0,0,0
26,0.02,1,25,3,1,1
26,0.27,1,24,2,0,1
6,0.37,1,14,2,0,1
2,30.32,1,1,1,0,0
2,0.86,13,33,24,1,1
0,9.4,1,2,1,0,0
20,0.28,1,5,2,0,1
0,34.7,1,1,1,0,0
11,0.29,1,14,2,1,1
28,0.25,1,8,3,1,1
0,13.58,1,1,1,0,0
0,4.63,1,2,0,0,0
0,9.7,2,0,0,0,0
1,0.38,3,34,11,1,1
0,16.15,1,2,1,0,0
1,0.74,5,22,24,1,1
0,37.54,1,0,1,0,0
1,23.05,1,0,1,0,0
0,62.2,1,0,0,0,0
0,11.57,1,0,0,0,0
12,0.37,1,21,2,1,1
27,0.25,1,9,3,1,1
0,0.74,10,35,13,1,1
0,28.03,1,0,1,0,0
0,0.3,6,8,18,1,1
1,63.55,1,2,1,0,0
0,9.0,1,2,1,0,0
2,0.33,3,21,4,0,1
11,0.39,1,25,3,1,1
0,0.24,12,20,16,1,1
1,27.57,1,0,1,0,0
0,19.22,1,0,0,0,0
0,2.28,1,0,0,0,0
0,0.63,13,28,11,1,1
0,13.95,1,0,0,0,0
18,0.13,1,16,2,1,1
2,13.51,1,2,0,0,0
0,8.04,1,1,0,0,0
0,0.86,10,23,4,1,1
1,26.55,1,0,1,0,0
26,0.3,1,17,3,1,1
29,0.39,1,26,2,1,1
20,0.01,1,13,1,1,1
1,21.1,1,1,0,0,0
1,17.06,1,2,0,0,0
1,7.76,1,2,1,0,0
8,0.34,1,25,2,1,1
1,70.82,1,2,0,0,0
0,7.69,1,0,1,0,0
0,0.4,4,10,25,0,1
0,31.92,1,1,0,0,0
0,0.54,13,30,11,1,1
6,0.33,1,8,2,1,1
0,14.02,1,2,0,0,0
1,0.45,8,7,13,1,1
16,0.21,1,13,3,1,1
1,3.24,1,1,0,0,0
1,30.06,1,0,0,0,0
0,0.7,4,36,29,1,1
0,57.17,1,2,0,0,0
0,22.77,1,2,0,0,0
2,26.82,1,0,1,0,0
0,34.95,1,2,1,0,0
0,21.03,1,1,0,0,0
0,38.34,1,1,0,0,0
0,0.87,3,27,13,1,1
0,0.87,8,16,20,1,1
22,0.11,1,13,1,1,1
0,0.39,9,7,16,0,1
0,14.82,1,2,1,0,0
0,4.89,1,1,0,0,0
0,7.66,1,2,1,0,0
1,29.77,1,2,0,0,0
0,24.55,1,2,0,0,0
1,0.84,14,26,15,1,1
2,0.92,10,13,11,1,1
16,0.3,1,8,3,1,1
0,23.82,1,1,1,0,0
27,0.17,1,6,1,1,1
0,12.18,1,1,0,0,0
0,0.43,3,17,22,1,1
2,5.26,1,2,0,0,0
17,0.32,1,7,2,1,1
2,16.98,1,2,1,0,0
15,0.09,1,17,3,1,1
0,14.86,1,0,0,0,0
0,3.6,1,1,1,0,0
0,6.66,1,0,0,0,0
0,5.75,1,0,1,0,0
0,15.08,1,0,0,0,0
0,0.29,3,29,14,1,1
1,85.21,1,0,1,0,0
0,0.86,14,20,26,1,1
11,0.11,1,5,3,1,1
0,31.56,1,2,0,0,0
0,7.14,1,0,0,0,0
1,23.26,1,0,0,0,0
0,15.57,1,1,1,0,0
1,14.71,2,1,0,0,0
0,9.31,1,1,1,0,0
13,0.25,1,29,2,1,1
0,0.65,9,33,25,1,1
0,0.53,12,24,22,1,1
0,44.76,1,1,1,0,0
0,5.81,1,2,0,0,0
21,0.09,1,25,1,1,1
21,0.28,1,8,1,1,1
1,14.9,1,1,0,0,0
21,0.23,1,18,2,0,1
0,0.76,13,30,29,1,1
0,5.37,2,1,1,0,0
13,0.19,1,16,3,0,1
2,0.38,12,36,4,1,1
1,17.2,1,1,1,0,0
0,28.38,1,0,1,0,0
24,0.18,1,24,3,1,1
1,0.76,12,30,11,1,1
0,22.73,1,0,1,0,0
0,22.52,1,1,0,0,0
1,5.42,1,2,1,0,0
2,0.93,12,15,21,1,1
0,10.78,1,1,1,0,0
2,5.82,1,1,1,0,0
0,3.2,1,2,1,0,0
14,0.14,1,21,3,1,1
0,6.84,1,2,0,0,0
0,78.7,1,1,0,0,0
1,32.47,1,1,1,0,0
0,2.12,1,1,1,0,0
0,14.42,1,2,0,0,0
1,3.54,1,0,1,0,0
2,0.11,13,22,4,1,1
0,0.99,4,30,7,1,1
0,9.81,2,2,0,0,0
0,0.48,13,21,8,1,1
12,0.37,1,19,3,1,1
0,16.78,1,2,0,0,0
1,25.82,1,1,1,0,0
1,0.51,14,20,27,1,1
0,15.1,1,1,0,0,0
2,0.77,4,10,11,1,1
18,0.11,1,14,3,1,1
22,0.14,1,27,1,0,1
1,0.37,4,27,17,0,1
0,10.16,1,2,1,0,0
0,17.14,1,1,1,0,0
0,61.55,2,1,1,0,0
0,0.62,8,22,29,1,1
18,0.01,1,27,3,1,1
8,0.12,1,6,1,1,1
1,6.53,1,1,1,0,0
0,3.61,1,0,1,0,0
26,0.18,1,13,3,1,1
2,11.18,1,2,0,0,0
0,7.02,1,1,0,0,0
18,0.01,1,29,1,1,1
1,1.0,8,17,7,1,1
0,72.59,1,1,0,0,0
0,5.07,1,1,1,0,0
14,0.16,1,8,1,1,1
0,79.25,1,0,0,0,0
0,6.89,1,0,0,0,0
1,2.22,1,2,0,0,0
0,0.59,7,22,4,1,1
25,0.32,1,27,1,0,1
0,17.04,1,2,0,0,0
0,0.92,14,32,11,1,1
0,23.33,1,1,1,0,0
18,0.16,1,22,3,1,1
1,0.54,4,34,9,1,1
0,0.24,10,19,14,1,1
21,0.35,1,5,2,1,1
0,49.99,1,2,1,0,0
0,17.82,1,2,1,0,0
0,8.11,1,0,1,0,0
0,31.47,1,0,1,0,0
0,58.53,1,2,0,0,0
0,0.43,5,19,19,1,1
0,0.45,7,20,6,1,1
0,40.62,1,0,0,0,0
29,0.39,1,12,3,1,1
0,34.78,1,0,0,0,0
10,0.13,1,10,3,1,1
1,0.99,6,11,17,1,1
2,13.16,1,2,1,0,0
0,20.6,1,0,0,0,0
0,0.61,8,21,22,1,1
21,0.38,1,13,2,1,1
0,12.9,1,2,0,0,0
25,0.13,1,21,2,1,1
13,0.04,1,17,3,1,1
0,0.15,7,7,23,1,1
25,0.07,1,9,1,0,1
7,0.36,1,8,1,0,1
0,3.42,1,0,1,0,0
0,7.38,1,2,0,0,0
0,11.57,1,0,0,0,0
0,0.14,5,16,21,1,1
0,5.21,2,2,0,0,0
0,10.72,1,2,1,0,0
1,7.11,1,0,1,0,0
0,21.57,1,1,0,0,0
29,0.16,1,10,1,0,1
1,0.68,5,18,26,1,1
10,0.33,1,26,2,1,1
0,0.53,3,24,28,1,1
0,4.73,1,2,1,0,0
18,0.06,1,5,1,1,1
5,0.14,1,20,2,1,1
0,9.25,1,2,1,0,0
28,0.2,1,6,3,1,1
0,7.31,1,0,1,0,0
0,0.21,9,31,17,1,1
2,0.07,5,11,9,1,1
17,0.2,1,15,1,1,1
2,9.54,1,1,1,0,0
1,19.53,2,1,1,0,0
0,0.49,10,23,7,1,1
0,27.46,1,0,0,0,0
0,12.86,1,0,1,0,0
11,0.27,1,10,1,0,1
0,30.51,2,1,0,0,0
1,14.92,1,1,0,0,0
19,0.16,1,12,1,1,1
0,0.84,8,12,20,1,1
29,0.32,1,23,2,0,1
2,3.19,1,0,1,0,0
0,58.15,1,0,0,0,0
16,0.04,1,22,3,1,1
29,0.21,1,15,1,1,1
0,9.41,1,0,0,0,0
1,39.57,1,2,0,0,0
1,39.99,1,0,1,0,0
0,9.0,1,0,1,0,0
0,40.24,1,2,1,0,0
0,11.1,1,2,1,0,0
17,0.22,1,18,1,0,1
20,0.13,1,26,2,0,1
17,0.38,1,9,2,1,1
0,10.59,1,2,1,0,0
1,0.87,13,10,20,1,1
26,0.06,1,26,1,1,1
21,0.25,1,17,1,0,1
6,0.22,1,16,2,1,1
0,0.29,8,33,14,1,1
0,2.47,1,2,1,0,0
17,0.12,1,9,1,1,1
0,0.66,8,9,10,1,1
0,71.54,1,2,1,0,0
0,0.92,13,21,22,1,1
0,0.87,9,27,10,0,1
1,7.98,1,0,0,0,0
17,0.28,1,22,2,1,1
29,0.05,1,7,2,1,1
16,0.19,1,24,2,1,1
0,0.6,12,23,4,1,1
2,49.68,1,2,1,0,0
0,0.65,9,14,10,1,1
1,3.67,1,1,1,0,0
0,5.2,1,2,0,0,0
1,20.13,1,0,1,0,0
0,13.9,2,0,1,0,0
1,0.1,12,18,29,1,1
1,20.38,2,1,0,0,0
13,0.04,1,26,3,1,1
13,0.06,1,15,3,1,1
2,6.54,1,1,1,0,0
22,0.03,1,8,2,1,1
0,3.19,2,0,0,0,0
0,18.72,1,2,0,0,0
0,6.15,1,1,1,0,0
0,7.96,1,1,0,0,0
1,21.53,1,2,0,0,0
0,24.76,1,0,1,0,0
0,2.67,1,0,0,0,0
18,0.19,1,6,3,1,1
24,0.23,1,27,3,1,1
0,0.06,13,37,6,1,1
0,7.29,1,0,0,0,0
25,0.1,1,6,3,0,1
1,20.27,1,0,0,0,0
8,0.24,1,11,1,1,1
25,0.21,1,14,3,1,1
0,41.62,1,1,0,0,0
1,0.88,9,31,13,1,1
21,0.25,1,15,1,1,1
0,17.64,1,0,0,0,0
0,22.93,1,2,1,0,0
20,0.28,1,17,3,0,1
21,0.15,1,17,1,0,1
0,9.6,1,0,0,0,0
0,19.35,1,1,0,0,0
1,40.98,1,2,0,0,0
1,0.74,5,26,24,1,1
0,2.28,1,2,0,0,0
1,39.9,1,1,0,0,0
17,0.19,1,25,3,0,1
6,0.18,1,14,2,1,1
2,0.9,7,17,14,0,1
0,23.07,1,2,1,0,0
0,0.71,11,38,27,1,1
15,0.05,1,20,2,0,1
1,0.44,10,37,29,1,1
1,0.26,8,24,18,1,1
0,10.36,1,2,0,0,0
0,17.25,1,0,1,0,0
0,19.44,1,2,1,0,0
1,42.89,1,0,1,0,0
0,0.97,3,7,13,1,1
0,0.48,11,17,10,1,1
0,0.37,10,12,8,1,1
1,14.75,2,2,0,0,0
6,0.08,1,28,1,1,1
0,31.01,1,0,0,0,0
0,88.12,1,0,0,0,0
0,0.72,10,38,15,1,1
1,3.55,2,0,1,0,0
18,0.21,1,13,1,0,1
0,13.97,1,2,1,0,0
0,35.2,1,1,1,0,0
2,0.41,8,16,5,0,1
17,0.31,1,17,1,1,1
1,0.28,13,29,14,1,1
15,0.17,1,23,2,1,1
1,0.15,12,34,20,0,1
0,5.96,1,1,1,0,0
6,0.27,1,21,1,0,1
1,6.62,1,0,0,0,0
0,25.73,1,1,0,0,0
2,34.06,1,1,1,0,0
0,0.58,12,25,8,0,1
0,3.89,1,0,0,0,0
0,3.69,1,0,0,0,0
2,38.46,1,2,1,0,0
29,0.16,1,20,3,0,1
0,96.49,1,2,0,0,0
0,0.73,10,39,21,1,1
0,0.18,14,31,19,1,1
1,12.88,1,1,1,0,0
0,0.32,3,23,6,1,1
0,6.44,1,2,0,0,0
0,0.27,12,28,16,1,1
0,0.45,9,33,10,1,1
0,0.11,14,39,25,1,1
0,0.12,9,25,27,1,1
0,0.44,9,32,17,1,1
24,0.06,1,9,3,1,1
0,2.37,1,2,1,0,0
20,0.07,1,7,3,0,1
0,0.51,12,30,17,1,1
7,0.02,1,25,3,1,1
0,0.85,11,8,22,1,1
5,0.23,1,17,1,1,1
7,0.23,1,27,3,1,1
0,18.6,1,1,1,0,0
0,0.49,12,10,17,1,1
0,5.54,1,0,0,0,0
0,0.34,3,39,19,1,1
0,0.55,11,19,29,1,1
1,38.46,1,1,0,0,0
1,17.74,1,2,1,0,0
0,0.36,8,10,24,1,1
0,0.48,11,34,23,1,1
0,7.59,2,0,0,0,0
0,12.12,1,2,0,0,0
2,19.02,1,1,0,0,0
1,0.47,13,39,20,1,1
1,11.35,1,1,1,0,0
1,0.36,6,22,17,1,1
7,0.13,1,22,3,1,1
1,18.57,1,1,0,0,0
20,0.4,1,18,3,1,1
0,0.53,5,13,17,1,1
18,0.07,1,23,3,1,1
2,4.09,1,1,1,0,0
0,21.75,1,2,0,0,0
24,0.3,1,21,3,1,1
0,1.0,5,33,23,1,1
9,0.19,1,29,1,0,1
0,0.29,7,8,17,1,1
0,2.96,1,1,0,0,0
0,7.35,2,2,1,0,0
0,0.12,3,11,16,1,1
0,2.75,2,1,0,0,0
1,29.7,1,1,1,0,0
0,55.08,1,2,1,0,0
0,36.67,1,0,1,0,0
0,0.74,13,24,5,1,1
0,0.57,10,16,6,1,1
0,8.95,1,0,1,0,0
9,0.37,1,21,3,1,1
0,17.75,2,0,1,0,0
0,0.43,5,8,28,1,1
0,0.84,9,20,17,1,1
1,3.26,1,0,1,0,0
0,2.46,1,2,1,0,0
19,0.31,1,18,2,0,1
0,0.39,12,18,23,1,1
0,17.48,1,1,1,0,0
1,8.29,1,0,0,0,0
0,27.19,1,2,1,0,0
0,0.58,8,26,25,1,1
0,0.16,4,9,29,1,1
1,26.08,1,2,0,0,0
0,17.91,1,1,1,0,0
27,0.3,1,18,3,1,1
28,0.23,1,20,2,0,1
0,52.13,1,2,1,0,0
25,0.03,1,21,3,1,1
1,37.69,1,2,1,0,0
1,40.95,2,2,0,0,0
0,0.64,4,13,22,1,1
0,36.01,1,1,1,0,0
0,12.6,1,1,1,0,0
0,0.41,8,8,21,1,1
0,3.39,1,2,1,0,0
19,0.19,1,18,2,0,1
1,2.75,1,2,1,0,0
0,0.94,9,30,22,1,1
1,0.51,6,29,7,1,1
0,0.08,4,8,6,1,1
0,10.42,1,0,0,0,0
1,0.88,8,26,10,1,1
8,0.07,1,10,3,1,1
0,42.57,1,1,0,0,0
0,25.3,1,1,1,0,0
0,5.39,1,0,1,0,0
0,9.79,1,0,0,0,0
0,39.73,1,1,1,0,0
0,0.16,14,18,15,1,1
22,0.06,1,13,1,0,1
2,0.98,13,25,5,1,1
0,0.65,4,17,23,1,1
0,0.27,10,38,15,1,1
0,54.71,1,2,1,0,0
1,0.72,5,18,19,1,1
0,0.72,14,25,11,1,1
1,30.61,1,1,0,0,0
2,0.05,4,31,12,1,1
2,0.65,7,13,20,1,1
2,0.25,5,15,27,1,1
1,13.37,1,1,1,0,0
1,16.59,1,1,1,0,0
0,6.8,1,0,0,0,0
0,0.98,4,6,13,1,1
27,0.32,1,15,2,1,1
1,12.98,1,2,0,0,0
0,2.99,1,2,1,0,0
0,0.47,7,9,26,1,1
0,0.81,13,8,19,1,1
0,0.23,6,34,15,1,1
0,0.06,7,8,5,1,1
0,0.15,5,6,27,0,1
12,0.04,1,8,3,1,1
0,8.22,1,1,1,0,0
29,0.16,1,5,3,0,1
1,2.03,1,2,1,0,0
2,11.77,1,1,1,0,0
2,11.7,1,1,0,0,0
22,0.12,1,24,1,1,1
0,0.82,5,11,25,1,1
1,0.34,4,21,12,1,1
0,5.7,1,1,1,0,0
29,0.18,1,25,3,1,1
0,10.34,1,1,1,0,0
0,0.63,14,34,20,1,1
0,6.85,1,1,1,0,0
0,0.78,11,5,24,1,1
1,21.59,1,0,1,0,0
0,11.49,1,0,1,0,0
24,0.2,1,17,2,1,1
0,29.02,1,2,1,0,0
0,0.3,6,38,24,1,1
0,29.16,1,2,0,0,0
13,0.2,1,16,2,1,1
28,0.16,1,22,2,0,1
10,0.19,1,29,2,1,1
0,5.37,1,0,0,0,0
0,4.55,2,1,0,0,0
14,0.14,1,23,3,1,1
7,0.08,1,6,2,1,1
1,18.14,1,1,0,0,0
27,0.38,1,8,2,1,1
1,0.26,6,6,28,1,1
0,0.95,11,38,12,1,1
29,0.28,1,10,2,1,1
1,26.71,1,2,0,0,0
0,4.4,1,1,1,0,0
20,0.01,1,16,3,1,1
1,28.45,1,2,0,0,0
1,29.87,1,0,0,0,0
0,15.59,1,0,0,0,0
16,0.19,1,17,3,1,1
1,23.95,1,0,1,0,0
1,16.69,1,1,1,0,0
21,0.04,1,16,1,0,1
22,0.16,1,9,2,1,1
19,0.2,1,24,2,0,1
5,0.22,1,14,3,1,1
0,23.79,1,0,0,0,0
0,22.25,1,2,0,0,0
22,0.24,1,9,2,1,1
0,41.09,1,2,1,0,0
7,0.27,1,16,1,1,1
1,13.5,1,2,0,0,0
0,22.54,1,2,1,0,0
0,9.82,1,2,0,0,0
0,8.02,1,1,1,0,0
0,9.16,2,2,1,0,0
0,17.94,1,0,1,0,0
2,0.23,6,25,9,0,1
24,0.35,1,21,1,1,1
0,8.17,1,0,0,0,0
0,0.47,9,21,18,1,1
0,0.88,3,20,26,1,1
0,10.32,1,2,1,0,0
0,9.03,1,1,0,0,0
0,11.84,1,0,1,0,0
0,0.27,11,6,28,1,1
19,0.24,1,16,3,1,1
1,14.33,1,2,1,0,0
0,21.99,1,0,1,0,0
1,19.51,1,2,1,0,0
23,0.05,1,9,1,1,1
0,8.01,1,2,0,0,0
26,0.2,1,19,1,1,1
13,0.17,1,24,1,0,1
12,0.37,1,17,3,1,1
0,4.37,1,1,0,0,0
0,18.96,1,2,0,0,0
0,6.47,1,1,0,0,0
10,0.24,1,20,3,1,1
0,0.67,14,26,21,1,1
1,2.72,1,1,0,0,0
0,0.25,4,20,10,0,1
28,0.34,1,20,2,1,1
1,28.58,1,2,1,0,0
11,0.26,1,5,3,1,1
0,41.41,1,0,0,0,0
0,71.78,1,1,1,0,0
0,26.39,1,2,0,0,0
0,5.05,1,1,0,0,0
0,17.73,1,2,1,0,0
0,0.27,5,38,6,1,1
0,19.22,1,0,1,0,0
0,0.79,3,5,8,1,1
12,0.06,1,14,2,0,1
10,0.11,1,10,1,1,1
2,0.41,3,36,12,1,1
27,0.18,1,20,2,1,1
0,16.86,1,1,1,0,0
0,123.85,1,1,1,0,0
14,0.35,1,14,3,0,1
0,27.83,1,1,1,0,0
0,0.76,14,16,26,1,1
0,0.19,10,35,4,1,1
0,57.18,1,0,0,0,0
0,0.88,13,34,21,1,1
17,0.01,1,21,1,1,1
2,36.3,1,2,0,0,0
0,0.3,14,37,14,1,1
8,0.06,1,14,3,1,1
0,7.0,2,0,1,0,0
1,3.85,1,0,1,0,0
0,3.25,1,0,0,0,0
0,9.48,1,0,0,0,0
0,24.14,2,1,1,0,0
0,0.52,4,10,12,1,1
0,15.12,1,0,1,0,0
12,0.05,1,15,2,1,1
0,23.93,1,1,0,0,0
0,2.34,1,1,0,0,0
0,0.58,8,26,29,1,1
27,0.35,1,28,3,1,1
2,0.56,3,31,18,1,1
0,50.9,1,2,1,0,0
0,0.09,13,30,17,1,1
0,10.71,1,2,1,0,0
25,0.38,1,11,3,1,1
0,2.37,1,0,1,0,0
19,0.33,1,13,2,1,1
0,26.94,1,1,0,0,0
0,27.41,1,1,1,0,0
15,0.34,1,11,1,1,1
1,14.26,1,1,1,0,0
18,0.32,1,9,2,1,1
0,8.32,1,2,0,0,0
2,10.64,1,0,1,0,0
0,11.66,2,2,0,0,0
1,0.15,4,11,7,1,1
0,2.04,1,1,1,0,0
0,0.05,13,24,27,1,1
0,21.28,1,2,0,0,0
27,0.32,1,29,2,0,1
2,0.54,7,28,4,1,1
1,24.15,1,0,1,0,0
12,0.24,1,29,1,1,1
1,0.71,6,31,7,1,1
0,4.85,1,1,1,0,0
13,0.34,1,14,3,1,1
0,0.92,3,28,13,1,1
0,14.93,1,1,1,0,0
10,0.39,1,12,2,0,1
9,0.1,1,23,2,0,1
0,0.13,5,16,8,1,1
0,66.98,1,0,0,0,0
0,0.56,13,37,25,1,1
0,9.48,1,2,0,0,0
0,0.81,8,19,8,1,1
0,28.6,1,2,1,0,0
1,3.73,1,2,0,0,0
8,0.22,1,15,3,1,1
24,0.28,1,13,1,1,1
0,0.47,7,34,11,1,1
0,0.55,12,37,28,1,1
20,0.22,1,16,1,1,1
0,0.69,11,7,14,1,1
0,0.8,8,12,21,1,1
